  0
SECTION
  2
HEADER
  9
$ACADVER
  1
AC1032
  9
$ACADMAINTVER
 90
4
  9
$DWGCODEPAGE
  3
ANSI_1252
  9
$LASTSAVEDBY
  1
ezdxf
  9
$REQUIREDVERSIONS
160
0
  9
$INSBASE
 10
0.0
 20
0.0
 30
0.0
  9
$EXTMIN
 10
1e+20
 20
1e+20
 30
1e+20
  9
$EXTMAX
 10
-1e+20
 20
-1e+20
 30
-1e+20
  9
$LIMMIN
 10
0.0
 20
0.0
  9
$LIMMAX
 10
420.0
 20
297.0
  9
$ORTHOMODE
 70
0
  9
$REGENMODE
 70
1
  9
$FILLMODE
 70
1
  9
$QTEXTMODE
 70
0
  9
$MIRRTEXT
 70
1
  9
$LTSCALE
 40
1.0
  9
$ATTMODE
 70
1
  9
$TEXTSIZE
 40
2.5
  9
$TRACEWID
 40
1.0
  9
$TEXTSTYLE
  7
OpenSans
  9
$CLAYER
  8
0
  9
$CELTYPE
  6
ByLayer
  9
$CECOLOR
 62
256
  9
$CELTSCALE
 40
1.0
  9
$DISPSILH
 70
0
  9
$DIMSCALE
 40
1.0
  9
$DIMASZ
 40
0.175
  9
$DIMEXO
 40
0.125
  9
$DIMDLI
 40
3.75
  9
$DIMRND
 40
0.0
  9
$DIMDLE
 40
0.0
  9
$DIMEXE
 40
0.375
  9
$DIMTP
 40
0.0
  9
$DIMTM
 40
0.0
  9
$DIMTXT
 40
0.25
  9
$DIMCEN
 40
2.5
  9
$DIMTSZ
 40
0.0
  9
$DIMTOL
 70
0
  9
$DIMLIM
 70
0
  9
$DIMTIH
 70
0
  9
$DIMTOH
 70
0
  9
$DIMSE1
 70
0
  9
$DIMSE2
 70
0
  9
$DIMTAD
 70
1
  9
$DIMZIN
 70
12
  9
$DIMBLK
  1
ARCHTICK
  9
$DIMASO
 70
1
  9
$DIMSHO
 70
1
  9
$DIMPOST
  1

  9
$DIMAPOST
  1

  9
$DIMALT
 70
0
  9
$DIMALTD
 70
3
  9
$DIMALTF
 40
0.03937007874
  9
$DIMLFAC
 40
100.0
  9
$DIMTOFL
 70
1
  9
$DIMTVP
 40
0.0
  9
$DIMTIX
 70
0
  9
$DIMSOXD
 70
0
  9
$DIMSAH
 70
0
  9
$DIMBLK1
  1

  9
$DIMBLK2
  1

  9
$DIMSTYLE
  2
EZDXF
  9
$DIMCLRD
 70
0
  9
$DIMCLRE
 70
0
  9
$DIMCLRT
 70
0
  9
$DIMTFAC
 40
0.5
  9
$DIMGAP
 40
0.1
  9
$DIMJUST
 70
0
  9
$DIMSD1
 70
0
  9
$DIMSD2
 70
0
  9
$DIMTOLJ
 70
0
  9
$DIMTZIN
 70
8
  9
$DIMALTZ
 70
0
  9
$DIMALTTZ
 70
0
  9
$DIMUPT
 70
1
  9
$DIMDEC
 70
2
  9
$DIMTDEC
 70
2
  9
$DIMALTU
 70
2
  9
$DIMALTTD
 70
3
  9
$DIMTXSTY
  7
OpenSansCondensed-Light
  9
$DIMAUNIT
 70
0
  9
$DIMADEC
 70
2
  9
$DIMALTRND
 40
0.0
  9
$DIMAZIN
 70
3
  9
$DIMDSEP
 70
46
  9
$DIMATFIT
 70
3
  9
$DIMFRAC
 70
0
  9
$DIMLDRBLK
  1

  9
$DIMLUNIT
 70
2
  9
$DIMLWD
 70
-2
  9
$DIMLWE
 70
-2
  9
$DIMTMOVE
 70
2
  9
$DIMFXL
 40
1.0
  9
$DIMFXLON
 70
0
  9
$DIMJOGANG
 40
0.785398163397
  9
$DIMTFILL
 70
0
  9
$DIMTFILLCLR
 70
0
  9
$DIMARCSYM
 70
0
  9
$DIMLTYPE
  6

  9
$DIMLTEX1
  6

  9
$DIMLTEX2
  6

  9
$DIMTXTDIRECTION
 70
0
  9
$LUNITS
 70
2
  9
$LUPREC
 70
4
  9
$SKETCHINC
 40
1.0
  9
$FILLETRAD
 40
10.0
  9
$AUNITS
 70
0
  9
$AUPREC
 70
2
  9
$MENU
  1
.
  9
$ELEVATION
 40
0.0
  9
$PELEVATION
 40
0.0
  9
$THICKNESS
 40
0.0
  9
$LIMCHECK
 70
0
  9
$CHAMFERA
 40
0.0
  9
$CHAMFERB
 40
0.0
  9
$CHAMFERC
 40
0.0
  9
$CHAMFERD
 40
0.0
  9
$SKPOLY
 70
0
  9
$TDCREATE
 40
2461095.024710648
  9
$TDUCREATE
 40
2458532.153996898
  9
$TDUPDATE
 40
2461095.024710648
  9
$TDUUPDATE
 40
2458532.1544311
  9
$TDINDWG
 40
0.0
  9
$TDUSRTIMER
 40
0.0
  9
$USRTIMER
 70
1
  9
$ANGBASE
 50
0.0
  9
$ANGDIR
 70
0
  9
$PDMODE
 70
0
  9
$PDSIZE
 40
0.0
  9
$PLINEWID
 40
0.0
  9
$SPLFRAME
 70
0
  9
$SPLINETYPE
 70
6
  9
$SPLINESEGS
 70
8
  9
$HANDSEED
  5
8E
  9
$SURFTAB1
 70
6
  9
$SURFTAB2
 70
6
  9
$SURFTYPE
 70
6
  9
$SURFU
 70
6
  9
$SURFV
 70
6
  9
$UCSBASE
  2

  9
$UCSNAME
  2

  9
$UCSORG
 10
0.0
 20
0.0
 30
0.0
  9
$UCSXDIR
 10
1.0
 20
0.0
 30
0.0
  9
$UCSYDIR
 10
0.0
 20
1.0
 30
0.0
  9
$UCSORTHOREF
  2

  9
$UCSORTHOVIEW
 70
0
  9
$UCSORGTOP
 10
0.0
 20
0.0
 30
0.0
  9
$UCSORGBOTTOM
 10
0.0
 20
0.0
 30
0.0
  9
$UCSORGLEFT
 10
0.0
 20
0.0
 30
0.0
  9
$UCSORGRIGHT
 10
0.0
 20
0.0
 30
0.0
  9
$UCSORGFRONT
 10
0.0
 20
0.0
 30
0.0
  9
$UCSORGBACK
 10
0.0
 20
0.0
 30
0.0
  9
$PUCSBASE
  2

  9
$PUCSNAME
  2

  9
$PUCSORG
 10
0.0
 20
0.0
 30
0.0
  9
$PUCSXDIR
 10
1.0
 20
0.0
 30
0.0
  9
$PUCSYDIR
 10
0.0
 20
1.0
 30
0.0
  9
$PUCSORTHOREF
  2

  9
$PUCSORTHOVIEW
 70
0
  9
$PUCSORGTOP
 10
0.0
 20
0.0
 30
0.0
  9
$PUCSORGBOTTOM
 10
0.0
 20
0.0
 30
0.0
  9
$PUCSORGLEFT
 10
0.0
 20
0.0
 30
0.0
  9
$PUCSORGRIGHT
 10
0.0
 20
0.0
 30
0.0
  9
$PUCSORGFRONT
 10
0.0
 20
0.0
 30
0.0
  9
$PUCSORGBACK
 10
0.0
 20
0.0
 30
0.0
  9
$USERI1
 70
0
  9
$USERI2
 70
0
  9
$USERI3
 70
0
  9
$USERI4
 70
0
  9
$USERI5
 70
0
  9
$USERR1
 40
0.0
  9
$USERR2
 40
0.0
  9
$USERR3
 40
0.0
  9
$USERR4
 40
0.0
  9
$USERR5
 40
0.0
  9
$WORLDVIEW
 70
1
  9
$SHADEDGE
 70
3
  9
$SHADEDIF
 70
70
  9
$TILEMODE
 70
1
  9
$MAXACTVP
 70
64
  9
$PINSBASE
 10
0.0
 20
0.0
 30
0.0
  9
$PLIMCHECK
 70
0
  9
$PEXTMIN
 10
1e+20
 20
1e+20
 30
1e+20
  9
$PEXTMAX
 10
-1e+20
 20
-1e+20
 30
-1e+20
  9
$PLIMMIN
 10
0.0
 20
0.0
  9
$PLIMMAX
 10
420.0
 20
297.0
  9
$UNITMODE
 70
0
  9
$VISRETAIN
 70
1
  9
$PLINEGEN
 70
0
  9
$PSLTSCALE
 70
1
  9
$TREEDEPTH
 70
3020
  9
$CMLSTYLE
  2
Standard
  9
$CMLJUST
 70
0
  9
$CMLSCALE
 40
20.0
  9
$PROXYGRAPHICS
 70
1
  9
$MEASUREMENT
 70
1
  9
$CELWEIGHT
370
-1
  9
$ENDCAPS
280
0
  9
$JOINSTYLE
280
0
  9
$LWDISPLAY
290
0
  9
$INSUNITS
 70
6
  9
$HYPERLINKBASE
  1

  9
$STYLESHEET
  1

  9
$XEDIT
290
1
  9
$CEPSNTYPE
380
0
  9
$PSTYLEMODE
290
1
  9
$FINGERPRINTGUID
  2
{52D53258-B00D-44D5-9597-594DB249F7AF}
  9
$VERSIONGUID
  2
{AF81E5BA-C682-467C-8FD9-5A96BAF089D9}
  9
$EXTNAMES
290
1
  9
$PSVPSCALE
 40
0.0
  9
$OLESTARTUP
290
0
  9
$SORTENTS
280
127
  9
$INDEXCTL
280
0
  9
$HIDETEXT
280
1
  9
$XCLIPFRAME
280
1
  9
$HALOGAP
280
0
  9
$OBSCOLOR
 70
257
  9
$OBSLTYPE
280
0
  9
$INTERSECTIONDISPLAY
280
0
  9
$INTERSECTIONCOLOR
 70
257
  9
$DIMASSOC
280
2
  9
$PROJECTNAME
  1

  9
$CAMERADISPLAY
290
0
  9
$LENSLENGTH
 40
50.0
  9
$CAMERAHEIGHT
 40
0.0
  9
$STEPSPERSEC
 40
24.0
  9
$STEPSIZE
 40
100.0
  9
$3DDWFPREC
 40
2.0
  9
$PSOLWIDTH
 40
0.005
  9
$PSOLHEIGHT
 40
0.08
  9
$LOFTANG1
 40
1.570796326795
  9
$LOFTANG2
 40
1.570796326795
  9
$LOFTMAG1
 40
0.0
  9
$LOFTMAG2
 40
0.0
  9
$LOFTPARAM
 70
7
  9
$LOFTNORMALS
280
1
  9
$LATITUDE
 40
37.795
  9
$LONGITUDE
 40
-122.394
  9
$NORTHDIRECTION
 40
0.0
  9
$TIMEZONE
 70
-8000
  9
$LIGHTGLYPHDISPLAY
280
1
  9
$TILEMODELIGHTSYNCH
280
1
  9
$CMATERIAL
347
20
  9
$SOLIDHIST
280
0
  9
$SHOWHIST
280
1
  9
$DWFFRAME
280
2
  9
$DGNFRAME
280
2
  9
$REALWORLDSCALE
290
1
  9
$INTERFERECOLOR
 62
256
  9
$CSHADOW
280
0
  9
$SHADOWPLANELOCATION
 40
0.0
  0
ENDSEC
  0
SECTION
  2
CLASSES
  0
CLASS
  1
ACDBDICTIONARYWDFLT
  2
AcDbDictionaryWithDefault
  3
ObjectDBX Classes
 90
0
 91
0
280
0
281
0
  0
CLASS
  1
SUN
  2
AcDbSun
  3
SCENEOE
 90
1153
 91
0
280
0
281
0
  0
CLASS
  1
VISUALSTYLE
  2
AcDbVisualStyle
  3
ObjectDBX Classes
 90
4095
 91
0
280
0
281
0
  0
CLASS
  1
MATERIAL
  2
AcDbMaterial
  3
ObjectDBX Classes
 90
1153
 91
0
280
0
281
0
  0
CLASS
  1
SCALE
  2
AcDbScale
  3
ObjectDBX Classes
 90
1153
 91
0
280
0
281
0
  0
CLASS
  1
TABLESTYLE
  2
AcDbTableStyle
  3
ObjectDBX Classes
 90
4095
 91
0
280
0
281
0
  0
CLASS
  1
MLEADERSTYLE
  2
AcDbMLeaderStyle
  3
ACDB_MLEADERSTYLE_CLASS
 90
4095
 91
0
280
0
281
0
  0
CLASS
  1
DICTIONARYVAR
  2
AcDbDictionaryVar
  3
ObjectDBX Classes
 90
0
 91
0
280
0
281
0
  0
CLASS
  1
CELLSTYLEMAP
  2
AcDbCellStyleMap
  3
ObjectDBX Classes
 90
1152
 91
0
280
0
281
0
  0
CLASS
  1
MENTALRAYRENDERSETTINGS
  2
AcDbMentalRayRenderSettings
  3
SCENEOE
 90
1024
 91
0
280
0
281
0
  0
CLASS
  1
ACDBDETAILVIEWSTYLE
  2
AcDbDetailViewStyle
  3
ObjectDBX Classes
 90
1025
 91
0
280
0
281
0
  0
CLASS
  1
ACDBSECTIONVIEWSTYLE
  2
AcDbSectionViewStyle
  3
ObjectDBX Classes
 90
1025
 91
0
280
0
281
0
  0
CLASS
  1
RASTERVARIABLES
  2
AcDbRasterVariables
  3
ISM
 90
0
 91
0
280
0
281
0
  0
CLASS
  1
ACDBPLACEHOLDER
  2
AcDbPlaceHolder
  3
ObjectDBX Classes
 90
0
 91
0
280
0
281
0
  0
CLASS
  1
LAYOUT
  2
AcDbLayout
  3
ObjectDBX Classes
 90
0
 91
0
280
0
281
0
  0
ENDSEC
  0
SECTION
  2
TABLES
  0
TABLE
  2
VPORT
  5
8
330
0
100
AcDbSymbolTable
 70
1
  0
VPORT
  5
23
330
8
100
AcDbSymbolTableRecord
100
AcDbViewportTableRecord
  2
*Active
 70
0
 10
0.0
 20
0.0
 11
1.0
 21
1.0
 12
0.0
 22
0.0
 13
0.0
 23
0.0
 14
0.5
 24
0.5
 15
0.5
 25
0.5
 16
0.0
 26
0.0
 36
1.0
 17
0.0
 27
0.0
 37
0.0
 40
1000.0
 41
1.34
 42
50.0
 43
0.0
 44
0.0
 50
0.0
 51
0.0
 71
0
 72
1000
 73
1
 74
3
 75
0
 76
0
 77
0
 78
0
281
0
 65
0
146
0.0
  0
ENDTAB
  0
TABLE
  2
LTYPE
  5
2
330
0
100
AcDbSymbolTable
 70
21
  0
LTYPE
  5
24
330
2
100
AcDbSymbolTableRecord
100
AcDbLinetypeTableRecord
  2
ByBlock
 70
0
  3

 72
65
 73
0
 40
0.0
  0
LTYPE
  5
25
330
2
100
AcDbSymbolTableRecord
100
AcDbLinetypeTableRecord
  2
ByLayer
 70
0
  3

 72
65
 73
0
 40
0.0
  0
LTYPE
  5
26
330
2
100
AcDbSymbolTableRecord
100
AcDbLinetypeTableRecord
  2
Continuous
 70
0
  3

 72
65
 73
0
 40
0.0
  0
LTYPE
  5
2F
330
2
100
AcDbSymbolTableRecord
100
AcDbLinetypeTableRecord
  2
CENTER
 70
0
  3
Center ____ _ ____ _ ____ _ ____ _ ____ _ ____
 72
65
 73
4
 40
5.08
 49
3.175
 74
0
 49
-0.635
 74
0
 49
0.635
 74
0
 49
-0.635
 74
0
  0
LTYPE
  5
30
330
2
100
AcDbSymbolTableRecord
100
AcDbLinetypeTableRecord
  2
CENTERX2
 70
0
  3
Center (2x) ________  __  ________  __  ________
 72
65
 73
4
 40
8.89
 49
6.35
 74
0
 49
-0.635
 74
0
 49
1.27
 74
0
 49
-0.635
 74
0
  0
LTYPE
  5
31
330
2
100
AcDbSymbolTableRecord
100
AcDbLinetypeTableRecord
  2
CENTER2
 70
0
  3
Center (.5x) ____ _ ____ _ ____ _ ____ _ ____
 72
65
 73
4
 40
2.54
 49
1.587
 74
0
 49
-0.318
 74
0
 49
0.318
 74
0
 49
-0.318
 74
0
  0
LTYPE
  5
32
330
2
100
AcDbSymbolTableRecord
100
AcDbLinetypeTableRecord
  2
DASHED
 70
0
  3
Dashed __ __ __ __ __ __ __ __ __ __ __ __ __ _
 72
65
 73
2
 40
1.524
 49
1.27
 74
0
 49
-0.254
 74
0
  0
LTYPE
  5
33
330
2
100
AcDbSymbolTableRecord
100
AcDbLinetypeTableRecord
  2
DASHEDX2
 70
0
  3
Dashed (2x) ____  ____  ____  ____  ____  ____
 72
65
 73
2
 40
3.048
 49
2.54
 74
0
 49
-0.508
 74
0
  0
LTYPE
  5
34
330
2
100
AcDbSymbolTableRecord
100
AcDbLinetypeTableRecord
  2
DASHED2
 70
0
  3
Dashed (.5x) _ _ _ _ _ _ _ _ _ _ _ _ _ _
 72
65
 73
2
 40
0.762
 49
0.635
 74
0
 49
-0.127
 74
0
  0
LTYPE
  5
35
330
2
100
AcDbSymbolTableRecord
100
AcDbLinetypeTableRecord
  2
PHANTOM
 70
0
  3
Phantom ______  __  __  ______  __  __  ______
 72
65
 73
6
 40
6.35
 49
3.175
 74
0
 49
-0.635
 74
0
 49
0.635
 74
0
 49
-0.635
 74
0
 49
0.635
 74
0
 49
-0.635
 74
0
  0
LTYPE
  5
36
330
2
100
AcDbSymbolTableRecord
100
AcDbLinetypeTableRecord
  2
PHANTOMX2
 70
0
  3
Phantom (2x)____________    ____    ____    ____________
 72
65
 73
6
 40
10.795
 49
6.35
 74
0
 49
-0.635
 74
0
 49
1.27
 74
0
 49
-0.635
 74
0
 49
1.27
 74
0
 49
-0.635
 74
0
  0
LTYPE
  5
37
330
2
100
AcDbSymbolTableRecord
100
AcDbLinetypeTableRecord
  2
PHANTOM2
 70
0
  3
Phantom (.5x) ___ _ _ ___ _ _ ___ _ _ ___ _ _ ___
 72
65
 73
6
 40
3.175
 49
1.587
 74
0
 49
-0.318
 74
0
 49
0.318
 74
0
 49
-0.318
 74
0
 49
0.318
 74
0
 49
-0.318
 74
0
  0
LTYPE
  5
38
330
2
100
AcDbSymbolTableRecord
100
AcDbLinetypeTableRecord
  2
DASHDOT
 70
0
  3
Dash dot __ . __ . __ . __ . __ . __ . __ . __
 72
65
 73
4
 40
3.556
 49
2.54
 74
0
 49
-0.508
 74
0
 49
0.0
 74
0
 49
-0.508
 74
0
  0
LTYPE
  5
39
330
2
100
AcDbSymbolTableRecord
100
AcDbLinetypeTableRecord
  2
DASHDOTX2
 70
0
  3
Dash dot (2x) ____  .  ____  .  ____  .  ____
 72
65
 73
4
 40
6.096
 49
5.08
 74
0
 49
-0.508
 74
0
 49
0.0
 74
0
 49
-0.508
 74
0
  0
LTYPE
  5
3A
330
2
100
AcDbSymbolTableRecord
100
AcDbLinetypeTableRecord
  2
DASHDOT2
 70
0
  3
Dash dot (.5x) _ . _ . _ . _ . _ . _ . _ . _
 72
65
 73
4
 40
1.778
 49
1.27
 74
0
 49
-0.254
 74
0
 49
0.0
 74
0
 49
-0.254
 74
0
  0
LTYPE
  5
3B
330
2
100
AcDbSymbolTableRecord
100
AcDbLinetypeTableRecord
  2
DOT
 70
0
  3
Dot .  .  .  .  .  .  .  .  .  .  .  .  .  .  .  .
 72
65
 73
2
 40
0.508
 49
0.0
 74
0
 49
-0.508
 74
0
  0
LTYPE
  5
3C
330
2
100
AcDbSymbolTableRecord
100
AcDbLinetypeTableRecord
  2
DOTX2
 70
0
  3
Dot (2x) .    .    .    .    .    .    .    . 
 72
65
 73
2
 40
1.016
 49
0.0
 74
0
 49
-1.016
 74
0
  0
LTYPE
  5
3D
330
2
100
AcDbSymbolTableRecord
100
AcDbLinetypeTableRecord
  2
DOT2
 70
0
  3
Dot (.5) . . . . . . . . . . . . . . . . . . . 
 72
65
 73
2
 40
0.254
 49
0.0
 74
0
 49
-0.254
 74
0
  0
LTYPE
  5
3E
330
2
100
AcDbSymbolTableRecord
100
AcDbLinetypeTableRecord
  2
DIVIDE
 70
0
  3
Divide __ . . __ . . __ . . __ . . __ . . __
 72
65
 73
6
 40
4.064
 49
2.54
 74
0
 49
-0.508
 74
0
 49
0.0
 74
0
 49
-0.508
 74
0
 49
0.0
 74
0
 49
-0.508
 74
0
  0
LTYPE
  5
3F
330
2
100
AcDbSymbolTableRecord
100
AcDbLinetypeTableRecord
  2
DIVIDEX2
 70
0
  3
Divide (2x) ____  . .  ____  . .  ____  . .  ____
 72
65
 73
6
 40
6.604
 49
5.08
 74
0
 49
-0.508
 74
0
 49
0.0
 74
0
 49
-0.508
 74
0
 49
0.0
 74
0
 49
-0.508
 74
0
  0
LTYPE
  5
40
330
2
100
AcDbSymbolTableRecord
100
AcDbLinetypeTableRecord
  2
DIVIDE2
 70
0
  3
Divide(.5x) _ . _ . _ . _ . _ . _ . _ . _
 72
65
 73
6
 40
2.032
 49
1.27
 74
0
 49
-0.254
 74
0
 49
0.0
 74
0
 49
-0.254
 74
0
 49
0.0
 74
0
 49
-0.254
 74
0
  0
ENDTAB
  0
TABLE
  2
LAYER
  5
1
330
0
100
AcDbSymbolTable
 70
2
  0
LAYER
  5
27
330
1
100
AcDbSymbolTableRecord
100
AcDbLayerTableRecord
  2
0
 70
0
 62
7
  6
Continuous
370
-3
390
13
347
21
  0
LAYER
  5
28
330
1
100
AcDbSymbolTableRecord
100
AcDbLayerTableRecord
  2
Defpoints
 70
0
 62
7
  6
Continuous
290
0
370
-3
390
13
347
21
  0
ENDTAB
  0
TABLE
  2
STYLE
  5
5
330
0
100
AcDbSymbolTable
 70
26
  0
STYLE
  5
29
330
5
100
AcDbSymbolTableRecord
100
AcDbTextStyleTableRecord
  2
Standard
 70
0
 40
0.0
 41
1.0
 50
0.0
 71
0
 42
2.5
  3
txt
  4

  0
STYLE
  5
41
330
5
100
AcDbSymbolTableRecord
100
AcDbTextStyleTableRecord
  2
OpenSans-Light
 70
0
 40
0.0
 41
1.0
 50
0.0
 71
0
 42
2.5
  3
OpenSans-Light.ttf
  4

  0
STYLE
  5
42
330
5
100
AcDbSymbolTableRecord
100
AcDbTextStyleTableRecord
  2
OpenSans-Light-Italic
 70
0
 40
0.0
 41
1.0
 50
0.0
 71
0
 42
2.5
  3
OpenSans-LightItalic.ttf
  4

  0
STYLE
  5
43
330
5
100
AcDbSymbolTableRecord
100
AcDbTextStyleTableRecord
  2
OpenSans
 70
0
 40
0.0
 41
1.0
 50
0.0
 71
0
 42
2.5
  3
OpenSans-Regular.ttf
  4

  0
STYLE
  5
44
330
5
100
AcDbSymbolTableRecord
100
AcDbTextStyleTableRecord
  2
OpenSans-Italic
 70
0
 40
0.0
 41
1.0
 50
0.0
 71
0
 42
2.5
  3
OpenSans-Italic.ttf
  4

  0
STYLE
  5
45
330
5
100
AcDbSymbolTableRecord
100
AcDbTextStyleTableRecord
  2
OpenSans-SemiBold
 70
0
 40
0.0
 41
1.0
 50
0.0
 71
0
 42
2.5
  3
OpenSans-SemiBold.ttf
  4

  0
STYLE
  5
46
330
5
100
AcDbSymbolTableRecord
100
AcDbTextStyleTableRecord
  2
OpenSans-SemiBoldItalic
 70
0
 40
0.0
 41
1.0
 50
0.0
 71
0
 42
2.5
  3
OpenSans-SemiBoldItalic.ttf
  4

  0
STYLE
  5
47
330
5
100
AcDbSymbolTableRecord
100
AcDbTextStyleTableRecord
  2
OpenSans-Bold
 70
0
 40
0.0
 41
1.0
 50
0.0
 71
0
 42
2.5
  3
OpenSans-Bold.ttf
  4

  0
STYLE
  5
48
330
5
100
AcDbSymbolTableRecord
100
AcDbTextStyleTableRecord
  2
OpenSans-BoldItalic
 70
0
 40
0.0
 41
1.0
 50
0.0
 71
0
 42
2.5
  3
OpenSans-BoldItalic.ttf
  4

  0
STYLE
  5
49
330
5
100
AcDbSymbolTableRecord
100
AcDbTextStyleTableRecord
  2
OpenSans-ExtraBold
 70
0
 40
0.0
 41
1.0
 50
0.0
 71
0
 42
2.5
  3
OpenSans-ExtraBold.ttf
  4

  0
STYLE
  5
4A
330
5
100
AcDbSymbolTableRecord
100
AcDbTextStyleTableRecord
  2
OpenSans-ExtraBoldItalic
 70
0
 40
0.0
 41
1.0
 50
0.0
 71
0
 42
2.5
  3
OpenSans-ExtraBoldItalic.ttf
  4

  0
STYLE
  5
4B
330
5
100
AcDbSymbolTableRecord
100
AcDbTextStyleTableRecord
  2
OpenSansCondensed-Bold
 70
0
 40
0.0
 41
1.0
 50
0.0
 71
0
 42
2.5
  3
OpenSansCondensed-Bold.ttf
  4

  0
STYLE
  5
4C
330
5
100
AcDbSymbolTableRecord
100
AcDbTextStyleTableRecord
  2
OpenSansCondensed-Light
 70
0
 40
0.0
 41
1.0
 50
0.0
 71
0
 42
2.5
  3
OpenSansCondensed-Light.ttf
  4

  0
STYLE
  5
4D
330
5
100
AcDbSymbolTableRecord
100
AcDbTextStyleTableRecord
  2
OpenSansCondensed-Italic
 70
0
 40
0.0
 41
1.0
 50
0.0
 71
0
 42
2.5
  3
OpenSansCondensed-LightItalic.ttf
  4

  0
STYLE
  5
4E
330
5
100
AcDbSymbolTableRecord
100
AcDbTextStyleTableRecord
  2
LiberationSans
 70
0
 40
0.0
 41
1.0
 50
0.0
 71
0
 42
2.5
  3
LiberationSans-Regular.ttf
  4

  0
STYLE
  5
4F
330
5
100
AcDbSymbolTableRecord
100
AcDbTextStyleTableRecord
  2
LiberationSans-Bold
 70
0
 40
0.0
 41
1.0
 50
0.0
 71
0
 42
2.5
  3
LiberationSans-Bold.ttf
  4

  0
STYLE
  5
50
330
5
100
AcDbSymbolTableRecord
100
AcDbTextStyleTableRecord
  2
LiberationSans-BoldItalic
 70
0
 40
0.0
 41
1.0
 50
0.0
 71
0
 42
2.5
  3
LiberationSans-BoldItalic.ttf
  4

  0
STYLE
  5
51
330
5
100
AcDbSymbolTableRecord
100
AcDbTextStyleTableRecord
  2
LiberationSans-Italic
 70
0
 40
0.0
 41
1.0
 50
0.0
 71
0
 42
2.5
  3
LiberationSans-Italic.ttf
  4

  0
STYLE
  5
52
330
5
100
AcDbSymbolTableRecord
100
AcDbTextStyleTableRecord
  2
LiberationSerif
 70
0
 40
0.0
 41
1.0
 50
0.0
 71
0
 42
2.5
  3
LiberationSerif-Regular.ttf
  4

  0
STYLE
  5
53
330
5
100
AcDbSymbolTableRecord
100
AcDbTextStyleTableRecord
  2
LiberationSerif-Bold
 70
0
 40
0.0
 41
1.0
 50
0.0
 71
0
 42
2.5
  3
LiberationSerif-Bold.ttf
  4

  0
STYLE
  5
54
330
5
100
AcDbSymbolTableRecord
100
AcDbTextStyleTableRecord
  2
LiberationSerif-BoldItalic
 70
0
 40
0.0
 41
1.0
 50
0.0
 71
0
 42
2.5
  3
LiberationSerif-BoldItalic.ttf
  4

  0
STYLE
  5
55
330
5
100
AcDbSymbolTableRecord
100
AcDbTextStyleTableRecord
  2
LiberationSerif-Italic
 70
0
 40
0.0
 41
1.0
 50
0.0
 71
0
 42
2.5
  3
LiberationSerif-Italic.ttf
  4

  0
STYLE
  5
56
330
5
100
AcDbSymbolTableRecord
100
AcDbTextStyleTableRecord
  2
LiberationMono
 70
0
 40
0.0
 41
1.0
 50
0.0
 71
0
 42
2.5
  3
LiberationMono-Regular.ttf
  4

  0
STYLE
  5
57
330
5
100
AcDbSymbolTableRecord
100
AcDbTextStyleTableRecord
  2
LiberationMono-Bold
 70
0
 40
0.0
 41
1.0
 50
0.0
 71
0
 42
2.5
  3
LiberationMono-Bold.ttf
  4

  0
STYLE
  5
58
330
5
100
AcDbSymbolTableRecord
100
AcDbTextStyleTableRecord
  2
LiberationMono-BoldItalic
 70
0
 40
0.0
 41
1.0
 50
0.0
 71
0
 42
2.5
  3
LiberationMono-BoldItalic.ttf
  4

  0
STYLE
  5
59
330
5
100
AcDbSymbolTableRecord
100
AcDbTextStyleTableRecord
  2
LiberationMono-Italic
 70
0
 40
0.0
 41
1.0
 50
0.0
 71
0
 42
2.5
  3
LiberationMono-Italic.ttf
  4

  0
ENDTAB
  0
TABLE
  2
VIEW
  5
7
330
0
100
AcDbSymbolTable
 70
0
  0
ENDTAB
  0
TABLE
  2
UCS
  5
6
330
0
100
AcDbSymbolTable
 70
0
  0
ENDTAB
  0
TABLE
  2
APPID
  5
3
330
0
100
AcDbSymbolTable
 70
3
  0
APPID
  5
2A
330
3
100
AcDbSymbolTableRecord
100
AcDbRegAppTableRecord
  2
ACAD
 70
0
  0
APPID
  5
8B
330
3
100
AcDbSymbolTableRecord
100
AcDbRegAppTableRecord
  2
HATCHBACKGROUNDCOLOR
 70
0
  0
APPID
  5
8C
330
3
100
AcDbSymbolTableRecord
100
AcDbRegAppTableRecord
  2
EZDXF
 70
0
  0
ENDTAB
  0
TABLE
  2
DIMSTYLE
  5
4
330
0
100
AcDbSymbolTable
 70
12
100
AcDbDimStyleTable
  0
DIMSTYLE
105
2B
330
4
100
AcDbSymbolTableRecord
100
AcDbDimStyleTableRecord
  2
Standard
 70
0
 40
1.0
 41
2.5
 42
0.625
 43
3.75
 44
1.25
 45
0.0
 46
0.0
 47
0.0
 48
0.0
 49
2.5
140
2.5
141
2.5
142
0.0
143
0.03937007874
144
1.0
145
0.0
146
1.0
147
0.625
148
0.0
 69
0
 70
0
 71
0
 72
0
 73
0
 74
0
 75
0
 76
0
 77
1
 78
8
 79
3
170
0
171
3
172
1
173
0
174
0
175
0
176
0
177
0
178
0
179
2
271
2
272
2
273
2
274
3
275
0
276
0
277
2
278
44
279
0
280
0
281
0
282
0
283
0
284
8
285
0
286
0
288
0
289
3
290
0
371
-2
372
-2
  0
DIMSTYLE
105
73
330
4
100
AcDbSymbolTableRecord
100
AcDbDimStyleTableRecord
  2
EZDXF
 70
0
 40
1.0
 41
0.175
 42
0.125
 43
3.75
 44
0.375
 45
0.0
 46
0.0
 47
0.0
 48
0.0
 49
2.5
140
0.25
141
2.5
142
0.0
143
0.03937007874
144
100.0
145
0.0
146
0.5
147
0.1
148
0.0
 69
0
 70
0
 71
0
 72
0
 73
0
 74
0
 75
0
 76
0
 77
1
 78
12
 79
3
170
0
171
3
172
1
173
0
174
0
175
0
176
0
177
0
178
0
179
2
271
2
272
2
273
2
274
3
275
0
276
0
277
2
278
46
279
2
280
0
281
0
282
0
283
0
284
8
285
0
286
0
288
1
289
3
290
0
340
4C
342
74
371
-2
372
-2
  0
DIMSTYLE
105
7C
330
4
100
AcDbSymbolTableRecord
100
AcDbDimStyleTableRecord
  2
EZ_M_100_H25_CM
 70
0
 40
1.0
 41
0.25
 42
0.125
 43
3.75
 44
0.375
 45
0.0
 46
0.0
 47
0.0
 48
0.0
 49
2.5
140
0.25
141
2.5
142
0.125
143
0.03937007874
144
100.0
145
0.0
146
0.5
147
0.1
148
0.0
 69
0
 70
0
 71
0
 72
0
 73
0
 74
0
 75
0
 76
0
 77
1
 78
12
 79
3
170
0
171
3
172
1
173
0
174
0
175
0
176
0
177
0
178
0
179
2
271
2
272
2
273
2
274
3
275
0
276
0
277
2
278
46
279
2
280
0
281
0
282
0
283
0
284
8
285
0
286
0
288
1
289
3
290
0
340
4C
371
-2
372
-2
  0
DIMSTYLE
105
7D
330
4
100
AcDbSymbolTableRecord
100
AcDbDimStyleTableRecord
  2
EZ_M_50_H25_CM
 70
0
 40
1.0
 41
0.125
 42
0.0625
 43
3.75
 44
0.1875
 45
0.0
 46
0.0
 47
0.0
 48
0.0
 49
2.5
140
0.125
141
2.5
142
0.0625
143
0.03937007874
144
100.0
145
0.0
146
0.5
147
0.05
148
0.0
 69
0
 70
0
 71
0
 72
0
 73
0
 74
0
 75
0
 76
0
 77
1
 78
12
 79
3
170
0
171
3
172
1
173
0
174
0
175
0
176
0
177
0
178
0
179
2
271
2
272
2
273
2
274
3
275
0
276
0
277
2
278
46
279
2
280
0
281
0
282
0
283
0
284
8
285
0
286
0
288
1
289
3
290
0
340
4C
371
-2
372
-2
  0
DIMSTYLE
105
7E
330
4
100
AcDbSymbolTableRecord
100
AcDbDimStyleTableRecord
  2
EZ_M_25_H25_CM
 70
0
 40
1.0
 41
0.0625
 42
0.03125
 43
3.75
 44
0.09375
 45
0.0
 46
0.0
 47
0.0
 48
0.0
 49
2.5
140
0.0625
141
2.5
142
0.03125
143
0.03937007874
144
100.0
145
0.0
146
0.5
147
0.025
148
0.0
 69
0
 70
0
 71
0
 72
0
 73
0
 74
0
 75
0
 76
0
 77
1
 78
12
 79
3
170
0
171
3
172
1
173
0
174
0
175
0
176
0
177
0
178
0
179
2
271
2
272
2
273
2
274
3
275
0
276
0
277
2
278
46
279
2
280
0
281
0
282
0
283
0
284
8
285
0
286
0
288
1
289
3
290
0
340
4C
371
-2
372
-2
  0
DIMSTYLE
105
7F
330
4
100
AcDbSymbolTableRecord
100
AcDbDimStyleTableRecord
  2
EZ_M_20_H25_CM
 70
0
 40
1.0
 41
0.05
 42
0.025
 43
3.75
 44
0.07500000000000001
 45
0.0
 46
0.0
 47
0.0
 48
0.0
 49
2.5
140
0.05
141
2.5
142
0.025
143
0.03937007874
144
100.0
145
0.0
146
0.5
147
0.020000000000000004
148
0.0
 69
0
 70
0
 71
0
 72
0
 73
0
 74
0
 75
0
 76
0
 77
1
 78
12
 79
3
170
0
171
3
172
1
173
0
174
0
175
0
176
0
177
0
178
0
179
2
271
2
272
2
273
2
274
3
275
0
276
0
277
2
278
46
279
2
280
0
281
0
282
0
283
0
284
8
285
0
286
0
288
1
289
3
290
0
340
4C
371
-2
372
-2
  0
DIMSTYLE
105
80
330
4
100
AcDbSymbolTableRecord
100
AcDbDimStyleTableRecord
  2
EZ_M_10_H25_CM
 70
0
 40
1.0
 41
0.025
 42
0.0125
 43
3.75
 44
0.037500000000000006
 45
0.0
 46
0.0
 47
0.0
 48
0.0
 49
2.5
140
0.025
141
2.5
142
0.0125
143
0.03937007874
144
100.0
145
0.0
146
0.5
147
0.010000000000000002
148
0.0
 69
0
 70
0
 71
0
 72
0
 73
0
 74
0
 75
0
 76
0
 77
1
 78
12
 79
3
170
0
171
3
172
1
173
0
174
0
175
0
176
0
177
0
178
0
179
2
271
2
272
2
273
2
274
3
275
0
276
0
277
2
278
46
279
2
280
0
281
0
282
0
283
0
284
8
285
0
286
0
288
1
289
3
290
0
340
4C
371
-2
372
-2
  0
DIMSTYLE
105
81
330
4
100
AcDbSymbolTableRecord
100
AcDbDimStyleTableRecord
  2
EZ_M_5_H25_CM
 70
0
 40
1.0
 41
0.0125
 42
0.00625
 43
3.75
 44
0.018750000000000003
 45
0.0
 46
0.0
 47
0.0
 48
0.0
 49
2.5
140
0.0125
141
2.5
142
0.00625
143
0.03937007874
144
100.0
145
0.0
146
0.5
147
0.005000000000000001
148
0.0
 69
0
 70
0
 71
0
 72
0
 73
0
 74
0
 75
0
 76
0
 77
1
 78
12
 79
3
170
0
171
3
172
1
173
0
174
0
175
0
176
0
177
0
178
0
179
2
271
2
272
2
273
2
274
3
275
0
276
0
277
2
278
46
279
2
280
0
281
0
282
0
283
0
284
8
285
0
286
0
288
1
289
3
290
0
340
4C
371
-2
372
-2
  0
DIMSTYLE
105
82
330
4
100
AcDbSymbolTableRecord
100
AcDbDimStyleTableRecord
  2
EZ_M_1_H25_CM
 70
0
 40
1.0
 41
0.0025
 42
0.00125
 43
3.75
 44
0.00375
 45
0.0
 46
0.0
 47
0.0
 48
0.0
 49
2.5
140
0.0025
141
2.5
142
0.00125
143
0.03937007874
144
100.0
145
0.0
146
0.5
147
0.001
148
0.0
 69
0
 70
0
 71
0
 72
0
 73
0
 74
0
 75
0
 76
0
 77
1
 78
12
 79
3
170
0
171
3
172
1
173
0
174
0
175
0
176
0
177
0
178
0
179
2
271
2
272
2
273
2
274
3
275
0
276
0
277
2
278
46
279
2
280
0
281
0
282
0
283
0
284
8
285
0
286
0
288
1
289
3
290
0
340
4C
371
-2
372
-2
  0
DIMSTYLE
105
83
330
4
100
AcDbSymbolTableRecord
100
AcDbDimStyleTableRecord
  2
EZ_RADIUS
 70
0
 40
1.0
 41
0.25
 42
0.125
 43
3.75
 44
0.375
 45
0.0
 46
0.0
 47
0.0
 48
0.0
 49
2.5
140
0.25
141
0.0
142
0.0
143
0.03937007874
144
100.0
145
0.0
146
0.5
147
0.1
148
0.0
 69
0
 70
0
 71
0
 72
0
 73
0
 74
0
 75
0
 76
0
 77
1
 78
12
 79
3
170
0
171
3
172
0
173
0
174
0
175
0
176
0
177
0
178
0
179
2
271
2
272
2
273
2
274
3
275
0
276
0
277
2
278
46
279
1
280
0
281
0
282
0
283
0
284
8
285
0
286
0
288
1
289
3
290
0
340
4C
342
84
371
-2
372
-2
  0
DIMSTYLE
105
88
330
4
100
AcDbSymbolTableRecord
100
AcDbDimStyleTableRecord
  2
EZ_RADIUS_INSIDE
 70
0
 40
1.0
 41
0.25
 42
0.125
 43
3.75
 44
0.375
 45
0.0
 46
0.0
 47
0.0
 48
0.0
 49
2.5
140
0.25
141
0.0
142
0.0
143
0.03937007874
144
100.0
145
0.0
146
0.5
147
0.1
148
0.0
 69
0
 70
0
 71
0
 72
0
 73
0
 74
0
 75
0
 76
0
 77
0
 78
12
 79
3
170
0
171
3
172
0
173
0
174
1
175
0
176
0
177
0
178
0
179
2
271
2
272
2
273
2
274
3
275
0
276
0
277
2
278
46
279
0
280
0
281
0
282
0
283
0
284
8
285
0
286
0
288
1
289
0
290
0
340
4C
342
84
371
-2
372
-2
  0
DIMSTYLE
105
89
330
4
100
AcDbSymbolTableRecord
100
AcDbDimStyleTableRecord
  2
EZ_CURVED
 70
0
 40
1.0
 41
0.25
 42
0.125
 43
3.75
 44
0.375
 45
0.0
 46
0.0
 47
0.0
 48
0.0
 49
2.5
140
0.25
141
2.5
142
0.0
143
0.03937007874
144
100.0
145
0.0
146
0.5
147
0.1
148
0.0
 69
0
 70
0
 71
0
 72
0
 73
0
 74
0
 75
0
 76
0
 77
1
 78
12
 79
2
 90
2
170
0
171
3
172
1
173
0
174
0
175
0
176
0
177
0
178
0
179
2
271
2
272
2
273
2
274
3
275
0
276
0
277
2
278
46
279
2
280
0
281
0
282
0
283
0
284
8
285
0
286
0
288
1
289
3
290
0
340
4C
371
-2
372
-2
  0
ENDTAB
  0
TABLE
  2
BLOCK_RECORD
  5
9
330
0
100
AcDbSymbolTable
 70
5
  0
BLOCK_RECORD
  5
17
330
9
100
AcDbSymbolTableRecord
100
AcDbBlockTableRecord
  2
*Model_Space
340
1A
 70
0
280
1
281
0
  0
BLOCK_RECORD
  5
1B
330
9
100
AcDbSymbolTableRecord
100
AcDbBlockTableRecord
  2
*Paper_Space
340
1E
 70
0
280
1
281
0
  0
BLOCK_RECORD
  5
74
330
9
100
AcDbSymbolTableRecord
100
AcDbBlockTableRecord
  2
_ARCHTICK
340
0
 70
0
280
1
281
0
  0
BLOCK_RECORD
  5
78
330
9
100
AcDbSymbolTableRecord
100
AcDbBlockTableRecord
  2
_CLOSEDFILLED
340
0
 70
0
280
1
281
0
  0
BLOCK_RECORD
  5
84
330
9
100
AcDbSymbolTableRecord
100
AcDbBlockTableRecord
  2
_CLOSEDBLANK
340
0
 70
0
280
1
281
0
  0
ENDTAB
  0
ENDSEC
  0
SECTION
  2
BLOCKS
  0
BLOCK
  5
18
330
17
100
AcDbEntity
  8
0
100
AcDbBlockBegin
  2
*Model_Space
 70
0
 10
0.0
 20
0.0
 30
0.0
  3
*Model_Space
  1

  0
ENDBLK
  5
19
330
17
100
AcDbEntity
  8
0
100
AcDbBlockEnd
  0
BLOCK
  5
1C
330
1B
100
AcDbEntity
  8
0
100
AcDbBlockBegin
  2
*Paper_Space
 70
0
 10
0.0
 20
0.0
 30
0.0
  3
*Paper_Space
  1

  0
ENDBLK
  5
1D
330
1B
100
AcDbEntity
  8
0
100
AcDbBlockEnd
  0
BLOCK
  5
75
330
74
100
AcDbEntity
  8
0
100
AcDbBlockBegin
  2
_ARCHTICK
 70
0
 10
0.0
 20
0.0
 30
0.0
  3
_ARCHTICK
  1

  0
LWPOLYLINE
  5
77
330
74
100
AcDbEntity
  8
0
  6
BYBLOCK
 62
0
100
AcDbPolyline
 90
2
 70
0
 43
0.15
 10
-0.5
 20
-0.5
 10
0.5
 20
0.5
  0
ENDBLK
  5
76
330
74
100
AcDbEntity
  8
0
100
AcDbBlockEnd
  0
BLOCK
  5
79
330
78
100
AcDbEntity
  8
0
100
AcDbBlockBegin
  2
_CLOSEDFILLED
 70
0
 10
0.0
 20
0.0
 30
0.0
  3
_CLOSEDFILLED
  1

  0
SOLID
  5
7B
330
78
100
AcDbEntity
  8
0
  6
BYBLOCK
 62
0
100
AcDbTrace
 10
-1.0
 20
0.16439898372402537
 30
0.0
 11
0.0
 21
0.0
 31
0.0
 12
-1.0
 22
-0.16439898372402537
 32
0.0
 13
-1.0
 23
-0.16439898372402537
 33
0.0
  0
ENDBLK
  5
7A
330
78
100
AcDbEntity
  8
0
100
AcDbBlockEnd
  0
BLOCK
  5
85
330
84
100
AcDbEntity
  8
0
100
AcDbBlockBegin
  2
_CLOSEDBLANK
 70
0
 10
0.0
 20
0.0
 30
0.0
  3
_CLOSEDBLANK
  1

  0
LWPOLYLINE
  5
87
330
84
100
AcDbEntity
  8
0
  6
BYBLOCK
 62
0
100
AcDbPolyline
 90
3
 70
1
 10
-1.0
 20
0.16439898372402537
 10
0.0
 20
0.0
 10
-1.0
 20
-0.16439898372402537
  0
ENDBLK
  5
86
330
84
100
AcDbEntity
  8
0
100
AcDbBlockEnd
  0
ENDSEC
  0
SECTION
  2
ENTITIES
  0
SPLINE
  5
8A
330
17
100
AcDbEntity
  8
0
100
AcDbSpline
 70
0
 71
3
 72
0
 73
0
 74
1000
 11
24.0
 21
-5.878304635907296e-15
 31
0.0
 11
23.999770931234313
 21
0.1509479444241876
 31
0.0
 11
24.001704770423352
 21
0.3019321588290091
 31
0.0
 11
24.01231930881361
 21
0.4531284053951319
 31
0.0
 11
24.039637902340097
 21
0.6049144115895776
 31
0.0
 11
24.090827953086816
 21
0.7578431106892872
 31
0.0
 11
24.170039785027996
 21
0.9125343462241078
 31
0.0
 11
24.276676737158645
 21
1.069503924810157
 31
0.0
 11
24.404433205604324
 21
1.2289658286899925
 31
0.0
 11
24.541503888165547
 21
1.3906641477752586
 31
0.0
 11
24.672321069114407
 21
1.5538087782770125
 31
0.0
 11
24.780918375678787
 21
1.7171891983763001
 31
0.0
 11
24.855453334551115
 21
1.8795030438392433
 31
0.0
 11
24.892533536497826
 21
2.0398401231837187
 31
0.0
 11
24.89901685461043
 21
2.198108119860467
 31
0.0
 11
24.88868714888107
 21
2.3550426708103935
 31
0.0
 11
24.873522809652012
 21
2.51154594630963
 31
0.0
 11
24.8572354125092
 21
2.6679367168362145
 31
0.0
 11
24.839973313830672
 21
2.8242229367169323
 31
0.0
 11
24.82175678441317
 21
2.98040093986814
 31
0.0
 11
24.80261771916811
 21
3.136469030432395
 31
0.0
 11
24.782599096756645
 21
3.292427783725422
 31
0.0
 11
24.76175443482428
 21
3.4482803278696457
 31
0.0
 11
24.740147241257528
 21
3.6040326060701275
 31
0.0
 11
24.717850461888816
 21
3.759693619496448
 31
0.0
 11
24.694945925079523
 21
3.915275650741998
 31
0.0
 11
24.671523783616056
 21
4.070794467840522
 31
0.0
 11
24.647681954358735
 21
4.226269508828397
 31
0.0
 11
24.623525556089398
 21
4.381724046850286
 31
0.0
 11
24.599166346009834
 21
4.537185335815467
 31
0.0
 11
24.57472215535018
 21
4.69268473662215
 31
0.0
 11
24.55031632455381
 21
4.848257823977924
 31
0.0
 11
24.526077138513322
 21
5.003944473855694
 31
0.0
 11
24.502137262340472
 21
5.159788931636414
 31
0.0
 11
24.478633178161992
 21
5.315839861002606
 31
0.0
 11
24.455704623442276
 21
5.47215037365996
 31
0.0
 11
24.43349403134379
 21
5.62877803997846
 31
0.0
 11
24.41214597364597
 21
5.785784880659391
 31
0.0
 11
24.391806606753544
 21
5.943237339550344
 31
0.0
 11
24.372623121336158
 21
6.101206237746947
 31
0.0
 11
24.35474319615148
 21
6.2597667091376055
 31
0.0
 11
24.338314456615386
 21
6.418998117565947
 31
0.0
 11
24.3234839386936
 21
6.578983955805116
 31
0.0
 11
24.31039755870053
 21
6.739811726558435
 31
0.0
 11
24.299199589602107
 21
6.901572805722357
 31
0.0
 11
24.290032144430683
 21
7.064362288170068
 31
0.0
 11
24.283034667431057
 21
7.228278816337552
 31
0.0
 11
24.278343433567652
 21
7.393424391918475
 31
0.0
 11
24.276091057033465
 21
7.559904170999814
 31
0.0
 11
24.276406009411932
 21
7.7278262429968585
 31
0.0
 11
24.27941214815276
 21
7.897301393773915
 31
0.0
 11
24.285228256032383
 21
8.06844285336592
 31
0.0
 11
24.293967592278904
 21
8.241366028745963
 31
0.0
 11
24.30573745604958
 21
8.416188222114803
 31
0.0
 11
24.320638762956996
 21
8.593028335220291
 31
0.0
 11
24.338765635346764
 21
8.77200656024776
 31
0.0
 11
24.360205007036026
 21
8.953244057856347
 31
0.0
 11
24.38503624322692
 21
9.136862622971211
 31
0.0
 11
24.413330776313515
 21
9.32298433897745
 31
0.0
 11
24.445151758303485
 21
9.511731220998332
 31
0.0
 11
24.480553730577576
 21
9.703224848977886
 31
0.0
 11
24.519582311710273
 21
9.897585991326332
 31
0.0
 11
24.562273904073667
 21
10.094934219925715
 31
0.0
 11
24.608655419944125
 21
10.295387517332744
 31
0.0
 11
24.65874402782652
 21
10.49906187705589
 31
0.0
 11
24.712546919704746
 21
10.706070897824311
 31
0.0
 11
24.770061099918895
 21
10.916525372807028
 31
0.0
 11
24.8312731963592
 21
11.130532874781633
 31
0.0
 11
24.89615929465434
 21
11.348197338293014
 31
0.0
 11
24.964684796017135
 21
11.569618639883462
 31
0.0
 11
25.03680429939311
 21
11.794892177516212
 31
0.0
 11
25.11246150853812
 21
12.024108450354959
 31
0.0
 11
25.191589164628482
 21
12.25735264010148
 31
0.0
 11
25.274109004982208
 21
12.494704195132618
 31
0.0
 11
25.359931748441703
 21
12.736236418715919
 31
0.0
 11
25.448957107937336
 21
12.982016062620113
 31
0.0
 11
25.541073830717202
 21
13.232102927472068
 31
0.0
 11
25.636159766690877
 21
13.486549471245862
 31
0.0
 11
25.734081965294482
 21
13.745400427301538
 31
0.0
 11
25.83469680124011
 21
14.008692433420954
 31
0.0
 11
25.93785012946517
 21
14.276453673315759
 31
0.0
 11
26.04337746954597
 21
14.548703532107064
 31
0.0
 11
26.151104219785058
 21
14.825452267298418
 31
0.0
 11
26.260845901123172
 21
15.10670069678189
 31
0.0
 11
26.372408430964487
 21
15.392439905432129
 31
0.0
 11
26.485588426937316
 21
15.682650971853889
 31
0.0
 11
26.60017354054289
 21
15.977304716855222
 31
0.0
 11
26.71594282057042
 21
16.276361475220362
 31
0.0
 11
26.832667106079164
 21
16.579770892352933
 31
0.0
 11
26.950109448666495
 21
16.887471747351743
 31
0.0
 11
27.068025563655485
 21
17.199391804066995
 31
0.0
 11
27.186164309746136
 21
17.515447691663663
 31
0.0
 11
27.304268196581543
 21
17.835544816192254
 31
0.0
 11
27.422073919583614
 21
18.15957730463228
 31
0.0
 11
27.539312921312764
 21
18.487427982832546
 31
0.0
 11
27.655711978502563
 21
18.81896838872269
 31
0.0
 11
27.77099381381357
 21
19.154058822112745
 31
0.0
 11
27.88487773124076
 21
19.492548432331283
 31
0.0
 11
27.99708027399665
 21
19.83427534487742
 31
0.0
 11
28.1073159035767
 21
20.179066828176968
 31
0.0
 11
28.215297698596583
 21
20.52673950143905
 31
0.0
 11
28.320738071871386
 21
20.87709958450438
 31
0.0
 11
28.423349504085785
 21
21.229943190461604
 31
0.0
 11
28.522845292282224
 21
21.585056661682305
 31
0.0
 11
28.618940311271082
 21
21.942216949787927
 31
0.0
 11
28.71135178594331
 21
22.30119203991402
 31
0.0
 11
28.79980007234315
 21
22.661741419476915
 31
0.0
 11
28.88400944523593
 21
23.023616591476614
 31
0.0
 11
28.963708889784552
 21
23.38656163218563
 31
0.0
 11
29.0386328948295
 21
23.75031379287836
 31
0.0
 11
29.108522245149928
 21
24.11460414504759
 31
0.0
 11
29.17312480997066
 21
24.479158268335134
 31
0.0
 11
29.232196324869843
 21
24.84369698017181
 31
0.0
 11
29.285501164138523
 21
25.207937105878905
 31
0.0
 11
29.33281310054372
 21
25.571592287727796
 31
0.0
 11
29.373916049355444
 21
25.934373831188843
 31
0.0
 11
29.408604793412863
 21
26.29599158632341
 31
0.0
 11
29.43668568592961
 21
26.656154861986284
 31
0.0
 11
29.457977327671415
 21
27.014573370208982
 31
0.0
 11
29.472311215084016
 21
27.37095819782959
 31
0.0
 11
29.47953235590576
 21
27.72502280212205
 31
0.0
 11
29.479499848767922
 21
28.076484026858008
 31
0.0
 11
29.472087423270295
 21
28.425063134910392
 31
0.0
 11
29.45718393701749
 21
28.77048685317846
 31
0.0
 11
29.43469382611817
 21
29.11248842528413
 31
0.0
 11
29.40453750568237
 21
29.450808667157762
 31
0.0
 11
29.366651716905643
 21
29.78519702030226
 31
0.0
 11
29.320989817402666
 21
30.115412597199104
 31
0.0
 11
29.26752201154882
 21
30.44122521300075
 31
0.0
 11
29.206235517708045
 21
30.762416397344907
 31
0.0
 11
29.137134669369246
 21
31.078780379828437
 31
0.0
 11
29.060240947385108
 21
31.390125042398324
 31
0.0
 11
28.975592940704523
 21
31.69627283165512
 31
0.0
 11
28.8832462332183
 21
31.997061623826774
 31
0.0
 11
28.783273214595056
 21
32.292345534961086
 31
0.0
 11
28.67576281327373
 21
32.58199566870807
 31
0.0
 11
28.560820150101762
 21
32.86590079392508
 31
0.0
 11
28.438566111464503
 21
33.14396794424311
 31
0.0
 11
28.309136841142724
 21
33.416122931686836
 31
0.0
 11
28.1726831505635
 21
33.68231076645358
 31
0.0
 11
28.029369847574376
 21
33.942495975030525
 31
0.0
 11
27.879374984373868
 21
34.196662808976164
 31
0.0
 11
27.722889025772638
 21
34.44481533691694
 31
0.0
 11
27.560113939540376
 21
34.686977412623534
 31
0.0
 11
27.39126221121306
 21
34.92319251244189
 31
0.0
 11
27.21655578639449
 21
35.15352343587152
 31
0.0
 11
27.03622494428431
 21
35.37805186371931
 31
0.0
 11
26.85050710690242
 21
35.59687776902238
 31
0.0
 11
26.659645589254463
 21
35.81011867683882
 31
0.0
 11
26.463888296496247
 21
36.01790877006561
 31
0.0
 11
26.263486375002888
 21
36.22039783967084
 31
0.0
 11
26.05869282513113
 21
36.41775007913693
 31
0.0
 11
25.849761084377217
 21
36.61014272451881
 31
0.0
 11
25.636943590576543
 21
36.797764543341714
 31
0.0
 11
25.42049033576055
 21
36.980814177615
 31
0.0
 11
25.200647422278756
 21
37.15949834853823
 31
0.0
 11
24.977655633804012
 21
37.33402993304478
 31
0.0
 11
24.75174903486209
 21
37.50462592518299
 31
0.0
 11
24.523153613559373
 21
37.671505298502986
 31
0.0
 11
24.29208598321365
 21
37.83488678911225
 31
0.0
 11
24.05875215962074
 21
37.994986622916436
 31
0.0
 11
23.8233464317034
 21
38.152016214795985
 31
0.0
 11
23.586050344279037
 21
38.306179872105595
 31
0.0
 11
23.347031812640896
 21
38.457672539956334
 31
0.0
 11
23.10644438956279
 21
38.606677631274856
 31
0.0
 11
22.864426706196298
 21
38.75336499065901
 31
0.0
 11
22.621102109118823
 21
38.897889047597495
 31
0.0
 11
22.376578516499723
 21
39.04038722172897
 31
0.0
 11
22.130948516956632
 21
39.18097865050842
 31
0.0
 11
21.884289735166487
 21
39.31976331797362
 31
0.0
 11
21.636665488649296
 21
39.4568216722891
 31
0.0
 11
21.388125760340845
 21
39.59221482943481
 31
0.0
 11
21.138708511589172
 21
39.72598547083946
 31
0.0
 11
20.88844136002575
 21
39.85815955397862
 31
0.0
 11
20.637343646347638
 21
39.98874896700735
 31
0.0
 11
20.38542891337414
 21
40.11775527142277
 31
0.0
 11
20.13270776990221
 21
40.24517459089622
 31
0.0
 11
19.879190229608245
 21
40.37100191740413
 31
0.0
 11
19.6248863209775
 21
40.49523227354931
 31
0.0
 11
19.369806103601917
 21
40.617860745106526
 31
0.0
 11
19.113959667782154
 21
40.73888248121685
 31
0.0
 11
18.857357134128453
 21
40.858292694579575
 31
0.0
 11
18.600008653160288
 21
40.976086661641595
 31
0.0
 11
18.34192440490483
 21
41.09225972278425
 31
0.0
 11
18.083114598494305
 21
41.20680728250761
 31
0.0
 11
17.823589471762062
 21
41.31972480961233
 31
0.0
 11
17.563359290837653
 21
41.43100783737883
 31
0.0
 11
17.302434349740714
 21
41.54065196374405
 31
0.0
 11
17.04082496997376
 21
41.648652851475504
 31
0.0
 11
16.77854150011389
 21
41.75500622834292
 31
0.0
 11
16.51559431540344
 21
41.859707887287186
 31
0.0
 11
16.251993817339553
 21
41.96275368658683
 31
0.0
 11
15.98775043326272
 21
42.06413955002179
 31
0.0
 11
15.722874615944297
 21
42.163861467034714
 31
0.0
 11
15.457376843173055
 21
42.26191549288954
 31
0.0
 11
15.19126761734066
 21
42.35829774882764
 31
0.0
 11
14.92455746502626
 21
42.453004422221156
 31
0.0
 11
14.657256936580076
 21
42.54603176672385
 31
0.0
 11
14.389376605706042
 21
42.63737610241934
 31
0.0
 11
14.120927069043544
 21
42.7270338159666
 31
0.0
 11
13.851918945748258
 21
42.81500136074295
 31
0.0
 11
13.582362877072063
 21
42.90127525698432
 31
0.0
 11
13.31226952594211
 21
42.98585209192291
 31
0.0
 11
13.041649576539054
 21
43.06872851992218
 31
0.0
 11
12.770513733874362
 21
43.14990126260924
 31
0.0
 11
12.498872723366881
 21
43.22936710900444
 31
0.0
 11
12.226737290418574
 21
43.307122915648506
 31
0.0
 11
11.954118199989441
 21
43.38316560672678
 31
0.0
 11
11.68102623617171
 21
43.45749217419095
 31
0.0
 11
11.407472201763216
 21
43.530099677878056
 31
0.0
 11
11.133466917840114
 21
43.60098524562673
 31
0.0
 11
10.859021223328773
 21
43.67014607339086
 31
0.0
 11
10.584145974577057
 21
43.73757942535051
 31
0.0
 11
10.308852044924858
 21
43.80328263402012
 31
0.0
 11
10.033150324273983
 21
43.867253100354034
 31
0.0
 11
9.757051718657365
 21
43.92948829384933
 31
0.0
 11
9.480567149807689
 21
43.98998575264587
 31
0.0
 11
9.203707554725295
 21
44.04874308362376
 31
0.0
 11
8.926483885245586
 21
44.10575796249794
 31
0.0
 11
8.648907107605789
 21
44.16102813391017
 31
0.0
 11
8.37098820201115
 21
44.21455141151825
 31
0.0
 11
8.092738162200595
 21
44.26632567808245
 31
0.0
 11
7.814167995011869
 21
44.31634888554936
 31
0.0
 11
7.535288719946086
 21
44.364619055132806
 31
0.0
 11
7.256111368731858
 21
44.4111342773922
 31
0.0
 11
6.976646984888911
 21
44.45589271230801
 31
0.0
 11
6.696906623291215
 21
44.498892589354604
 31
0.0
 11
6.4169013497297005
 21
44.54013220757025
 31
0.0
 11
6.1366422404745
 21
44.579609935624426
 31
0.0
 11
5.85614038183685
 21
44.61732421188231
 31
0.0
 11
5.575406869730484
 21
44.653273544466614
 31
0.0
 11
5.294452809232743
 21
44.68745651131655
 31
0.0
 11
5.013289314145282
 21
44.71987176024409
 31
0.0
 11
4.731927506554434
 21
44.750518008987484
 31
0.0
 11
4.450378516391243
 21
44.77939404526197
 31
0.0
 11
4.1686534809912335
 21
44.80649872680769
 31
0.0
 11
3.8867635446537836
 21
44.83183098143494
 31
0.0
 11
3.6047198582013262
 21
44.855389807066544
 31
0.0
 11
3.322533578538246
 21
44.87717427177747
 31
0.0
 11
3.040215868209538
 21
44.89718351383176
 31
0.0
 11
2.757777894959237
 21
44.915416741716584
 31
0.0
 11
2.475230831288692
 21
44.9318732341735
 31
0.0
 11
2.1925858540145526
 21
44.946552340227115
 31
0.0
 11
1.9098541438266807
 21
44.95945347921066
 31
0.0
 11
1.6270468848458641
 21
44.970576140789134
 31
0.0
 11
1.3441752641814024
 21
44.97991988497937
 31
0.0
 11
1.0612504714885724
 21
44.98748434216749
 31
0.0
 11
0.7782836985259866
 21
44.99326921312351
 31
0.0
 11
0.49528613871291655
 21
44.99727426901321
 31
0.0
 11
0.21226898668645003
 21
44.99949935140713
 31
0.0
 11
-0.07075656214129862
 21
44.99994437228688
 31
0.0
 11
-0.35377931202606
 21
44.99860931404861
 31
0.0
 11
-0.6367880673342833
 21
44.9954942295037
 31
0.0
 11
-0.9197716329860164
 21
44.99059924187668
 31
0.0
 11
-1.2027188148977135
 21
44.983924544800345
 31
0.0
 11
-1.4856184204251035
 21
44.97547040230811
 31
0.0
 11
-1.7684592588059016
 21
44.96523714882357
 31
0.0
 11
-2.0512301416024967
 21
44.95322518914723
 31
0.0
 11
-2.333919883144536
 21
44.93943499844054
 31
0.0
 11
-2.6165173009714
 21
44.923867122207064
 31
0.0
 11
-2.8990112162745625
 21
44.90652217627095
 31
0.0
 11
-3.1813904543397538
 21
44.887400846752485
 31
0.0
 11
-3.463643844989065
 21
44.86650389004106
 31
0.0
 11
-3.745760223022766
 21
44.84383213276515
 31
0.0
 11
-4.027728428660987
 21
44.8193864717597
 31
0.0
 11
-4.309537307985167
 21
44.793167874030566
 31
0.0
 11
-4.591175713379282
 21
44.76517737671634
 31
0.0
 11
-4.872632503970777
 21
44.73541608704726
 31
0.0
 11
-5.153896546071334
 21
44.70388518230148
 31
0.0
 11
-5.434956713617243
 21
44.670585909758415
 31
0.0
 11
-5.715801888609533
 21
44.635519586649465
 31
0.0
 11
-5.996420961553775
 21
44.59868760010588
 31
0.0
 11
-6.276802831899538
 21
44.56009140710394
 31
0.0
 11
-6.55693640847951
 21
44.519732534407204
 31
0.0
 11
-6.836810609948196
 21
44.477612578506275
 31
0.0
 11
-7.116414365220328
 21
44.4337332055555
 31
0.0
 11
-7.395736613908767
 21
44.38809615130716
 31
0.0
 11
-7.6747663067620255
 21
44.340703221042745
 31
0.0
 11
-7.953492406101362
 21
44.291556289501585
 31
0.0
 11
-8.231903886257394
 21
44.24065730080669
 31
0.0
 11
-8.509989734006227
 21
44.1880082683878
 31
0.0
 11
-8.787738949005144
 21
44.13361127490178
 31
0.0
 11
-9.065140544227727
 21
44.07746847215024
 31
0.0
 11
-9.342183546398475
 21
44.01958208099438
 31
0.0
 11
-9.61885699642689
 21
43.95995439126717
 31
0.0
 11
-9.895149949840992
 21
43.89858776168274
 31
0.0
 11
-10.171051477220201
 21
43.835484619743134
 31
0.0
 11
-10.446550664627765
 21
43.770647461642206
 31
0.0
 11
-10.721636614042417
 21
43.70407885216694
 31
0.0
 11
-10.996298443789502
 21
43.63578142459595
 31
0.0
 11
-11.270525288971422
 21
43.56575788059534
 31
0.0
 11
-11.544306301897416
 21
43.49401099011187
 31
0.0
 11
-11.817630652512682
 21
43.42054359126326
 31
0.0
 11
-12.090487528826749
 21
43.34535859022606
 31
0.0
 11
-12.362866137341218
 21
43.26845896112064
 31
0.0
 11
-12.63475570347671
 21
43.18984774589351
 31
0.0
 11
-12.906145471999048
 21
43.109528054197
 31
0.0
 11
-13.177024707444755
 21
43.027503063266295
 31
0.0
 11
-13.447382694545684
 21
42.943776017793695
 31
0.0
 11
-13.717208738652888
 21
42.858350229800315
 31
0.0
 11
-13.986492166159696
 21
42.771229078505016
 31
0.0
 11
-14.255222324923915
 21
42.682416010190785
 31
0.0
 11
-14.523388584689206
 21
42.59191453806836
 31
0.0
 11
-14.790980337505587
 21
42.4997282421373
 31
0.0
 11
-15.05798699814906
 21
42.40586076904434
 31
0.0
 11
-15.324398004540308
 21
42.31031583193915
 31
0.0
 11
-15.59020281816255
 21
42.21309721032746
 31
0.0
 11
-15.855390924478387
 21
42.114208749921545
 31
0.0
 11
-16.119951833345723
 21
42.013654362488076
 31
0.0
 11
-16.38387507943276
 21
41.91143802569344
 31
0.0
 11
-16.647150222631932
 21
41.807563782946325
 31
0.0
 11
-16.909766848472945
 21
41.70203574323782
 31
0.0
 11
-17.171714568534675
 21
41.59485808097888
 31
0.0
 11
-17.43298302085618
 21
41.48603503583513
 31
0.0
 11
-17.693561870346546
 21
41.37557091255924
 31
0.0
 11
-17.953440809193722
 21
41.2634700808206
 31
0.0
 11
-18.212609557272295
 21
41.149736975032454
 31
0.0
 11
-18.47105786255012
 21
41.034376094176515
 31
0.0
 11
-18.72877550149384
 21
40.91739200162498
 31
0.0
 11
-18.985752279473363
 21
40.79878932496002
 31
0.0
 11
-19.2419780311651
 21
40.678572755790725
 31
0.0
 11
-19.49744262095407
 21
40.55674704956751
 31
0.0
 11
-19.752135943334864
 21
40.43331702539403
 31
0.0
 11
-20.006047923311357
 21
40.3082875658365
 31
0.0
 11
-20.259168516795285
 21
40.18166361673058
 31
0.0
 11
-20.51148771100354
 21
40.05345018698577
 31
0.0
 11
-20.762995524854258
 21
39.92365234838719
 31
0.0
 11
-21.01368200936166
 21
39.792275235394996
 31
0.0
 11
-21.263537248029532
 21
39.659324044941314
 31
0.0
 11
-21.512551357243616
 21
39.52480403622459
 31
0.0
 11
-21.760714486662494
 21
39.38872053050159
 31
0.0
 11
-22.008016819607253
 21
39.251078910876885
 31
0.0
 11
-22.254448573449835
 21
39.11188462208995
 31
0.0
 11
-22.49999999999999
 21
38.97114317029974
 31
0.0
 11
-22.74466138589039
 21
38.82886012286605
 31
0.0
 11
-22.98842299919035
 21
38.68504101764402
 31
0.0
 11
-23.231274052658545
 21
38.53968964861865
 31
0.0
 11
-23.47319982208682
 21
38.39280347894288
 31
0.0
 11
-23.71417857603759
 21
38.24436913768638
 31
0.0
 11
-23.954178986619674
 21
38.094359067637384
 31
0.0
 11
-24.193158008579612
 21
37.94272920368451
 31
0.0
 11
-24.43105919497706
 21
37.78941754223094
 31
0.0
 11
-24.66781141784502
 21
37.63434347484664
 31
0.0
 11
-24.9033279625621
 21
37.4774077712282
 31
0.0
 11
-25.137505965174647
 21
37.31849310757965
 31
0.0
 11
-25.370226162562016
 21
37.15746504677223
 31
0.0
 11
-25.60135292612925
 21
36.99417338615053
 31
0.0
 11
-25.83073455061105
 21
36.828453797653374
 31
0.0
 11
-26.058203770565967
 21
36.66012969306157
 31
0.0
 11
-26.283578478208845
 21
36.48901425469918
 31
0.0
 11
-26.506662617363926
 21
36.314912578847014
 31
0.0
 11
-26.727247229498985
 21
36.13762388550075
 31
0.0
 11
-26.945111629019184
 21
35.95694375396559
 31
0.0
 11
-27.160024686238785
 21
35.77266634914821
 31
0.0
 11
-27.37174619770347
 21
35.58458660831734
 31
0.0
 11
-27.58002832479763
 21
35.392502362591465
 31
0.0
 11
-27.784617082826063
 21
35.19621637149068
 31
0.0
 11
-27.985253864010442
 21
34.99553825260306
 31
0.0
 11
-28.18167697906816
 21
34.79028629176938
 31
0.0
 11
-28.37362320325366
 21
34.58028912222616
 31
0.0
 11
-28.560829313922724
 21
34.365387263873586
 31
0.0
 11
-28.743033607833134
 21
34.145434516282215
 31
0.0
 11
-28.91997738751121
 21
33.92029920123599
 31
0.0
 11
-29.091406407093608
 21
33.689865252550334
 31
0.0
 11
-29.257072269093168
 21
33.45403315261985
 31
0.0
 11
-29.41673376453505
 21
33.212720716659
 31
0.0
 11
-29.57015814986277
 21
32.96586372691414
 31
0.0
 11
-29.717122354923205
 21
32.71341642026608
 31
0.0
 11
-29.85741411720234
 21
32.45535183361897
 31
0.0
 11
-29.99083303830117
 21
32.191662012300384
 31
0.0
 11
-30.11719155941151
 21
31.922358087389295
 31
0.0
 11
-30.236315853276075
 21
31.647470228457383
 31
0.0
 11
-30.348046630796038
 21
31.36704747866415
 31
0.0
 11
-30.45223986108154
 21
31.0811574794986
 31
0.0
 11
-30.5487674043301
 21
30.78988609272085
 31
0.0
 11
-30.637517557460775
 21
30.493336927232217
 31
0.0
 11
-30.718395512934965
 21
30.19163077870463
 31
0.0
 11
-30.791323731653605
 21
29.884904989833323
 31
0.0
 11
-30.856242231239662
 21
29.573312739051456
 31
0.0
 11
-30.913108791396212
 21
29.257022265467647
 31
0.0
 11
-30.96189907837119
 21
28.936216037660778
 31
0.0
 11
-31.00260669086735
 21
28.61108987380319
 31
0.0
 11
-31.035243130006496
 21
28.28185202038138
 31
0.0
 11
-31.059837696195935
 21
27.948722196553867
 31
0.0
 11
-31.076437315950983
 21
27.611930610929743
 31
0.0
 11
-31.08510630190456
 21
27.271716957275093
 31
0.0
 11
-31.085926049382557
 21
26.92832939536002
 31
0.0
 11
-31.078994673044924
 21
26.582023522851753
 31
0.0
 11
-31.064426587189036
 21
26.233061343841733
 31
0.0
 11
-31.042352033383395
 21
25.88171023926863
 31
0.0
 11
-31.01291655915042
 21
25.52824194416981
 31
0.0
 11
-30.976280451446726
 21
25.17293153636139
 31
0.0
 11
-30.932618128699325
 21
24.816056440814666
 31
0.0
 11
-30.882117495149235
 21
24.45789545366576
 31
0.0
 11
-30.824979261230236
 21
24.09872778946895
 31
0.0
 11
-30.761416233672243
 21
23.73883215498164
 31
0.0
 11
-30.691652578966508
 21
23.378485852453686
 31
0.0
 11
-30.615923063765383
 21
23.017963915085463
 31
0.0
 11
-30.534472275714098
 21
22.65753827702011
 31
0.0
 11
-30.447553828126416
 21
22.297476979945007
 31
0.0
 11
-30.35542955182159
 21
21.93804341809786
 31
0.0
 11
-30.258368677338233
 21
21.57949562320382
 31
0.0
 11
-30.1566470106318
 21
21.222085590612004
 31
0.0
 11
-30.050546105247903
 21
20.86605864765366
 31
0.0
 11
-29.94035243384413
 21
20.51165286500991
 31
0.0
 11
-29.826356561809842
 21
20.159098511654747
 31
0.0
 11
-29.708852325606344
 21
19.808617553728347
 31
0.0
 11
-29.588136018321546
 21
19.460423197498894
 31
0.0
 11
-29.464505584801525
 21
19.11471947638423
 31
0.0
 11
-29.33825982859019
 21
18.771700881831762
 31
0.0
 11
-29.209697632775594
 21
18.43155203769301
 31
0.0
 11
-29.079117196709486
 21
18.094447417579424
 31
0.0
 11
-28.946815290434568
 21
17.76055110454742
 31
0.0
 11
-28.81308652852422
 21
17.43001659233373
 31
0.0
 11
-28.678222664909658
 21
17.102986627245627
 31
0.0
 11
-28.54251191014311
 21
16.779593089705248
 31
0.0
 11
-28.406238272420513
 21
16.45995691435179
 31
0.0
 11
-28.269680923565215
 21
16.144188047520043
 31
0.0
 11
-28.133113591055046
 21
15.832385440837996
 31
0.0
 11
-27.996803977058782
 21
15.524637079619085
 31
0.0
 11
-27.861013205335748
 21
15.2210200446676
 31
0.0
 11
-27.725995296742717
 21
14.92160060606521
 31
0.0
 11
-27.591996673987207
 21
14.626434347465477
 31
0.0
 11
-27.459255696164465
 21
14.335566319388896
 31
0.0
 11
-27.328002223518038
 21
14.049031219983945
 31
0.0
 11
-27.198457212770037
 21
13.766853601699207
 31
0.0
 11
-27.07083234327797
 21
13.489048102297637
 31
0.0
 11
-26.945329674189615
 21
13.215619698635797
 31
0.0
 11
-26.82214133268628
 21
12.94656398162814
 31
0.0
 11
-26.70144923332779
 21
12.681867450818917
 31
0.0
 11
-26.58342482844007
 21
12.421507826991466
 31
0.0
 11
-26.4682288894168
 21
12.165454381255742
 31
0.0
 11
-26.356011318743125
 21
11.913668279071231
 31
0.0
 11
-26.24691099248776
 21
11.666102937680808
 31
0.0
 11
-26.141055632954153
 21
11.422704395454106
 31
0.0
 11
-26.03856171112819
 21
11.183411691664359
 31
0.0
 11
-25.939534378511272
 21
10.948157255250951
 31
0.0
 11
-25.844067427882457
 21
10.716867301150632
 31
0.0
 11
-25.752243282491868
 21
10.489462232813187
 31
0.0
 11
-25.664133013149428
 21
10.26585704955202
 31
0.0
 11
-25.579796382638573
 21
10.0459617574165
 31
0.0
 11
-25.499281916853132
 21
9.8296817823106
 31
0.0
 11
-25.422627002027422
 21
9.616918384121233
 31
0.0
 11
-25.349858007404638
 21
9.407569070659598
 31
0.0
 11
-25.28099043266601
 21
9.201528010259073
 31
0.0
 11
-25.216029079424366
 21
8.998686441914911
 31
0.0
 11
-25.15496824606836
 21
8.798933081891796
 31
0.0
 11
-25.0977919452298
 21
8.602154525767503
 31
0.0
 11
-25.044474143134522
 21
8.408235644922447
 31
0.0
 11
-24.994979020087598
 21
8.217059976526604
 31
0.0
 11
-24.949261251336395
 21
8.028510106116816
 31
0.0
 11
-24.907266307549484
 21
7.842468041898567
 31
0.0
 11
-24.86893077414586
 21
7.658815579947032
 31
0.0
 11
-24.834182688707287
 21
7.477434659522377
 31
0.0
 11
-24.802941895706265
 21
7.298207707753786
 31
0.0
 11
-24.77512041778384
 21
7.121017972985559
 31
0.0
 11
-24.750622842814025
 21
6.945749846116689
 31
0.0
 11
-24.729346725995825
 21
6.77228916930235
 31
0.0
 11
-24.71118300621938
 21
6.6005235314223825
 31
0.0
 11
-24.696016435958857
 21
6.430342549756894
 31
0.0
 11
-24.683726023952303
 21
6.2616381373436525
 31
0.0
 11
-24.674185489936978
 21
6.09430475552525
 31
0.0
 11
-24.66726373071766
 21
5.928239651226369
 31
0.0
 11
-24.662825296855253
 21
5.763343078532704
 31
0.0
 11
-24.66073087927335
 21
5.599518504173248
 31
0.0
 11
-24.660837805091447
 21
5.436672796536788
 31
0.0
 11
-24.663000542004603
 21
5.274716397881329
 31
0.0
 11
-24.66707121054128
 21
5.113563479422161
 31
0.0
 11
-24.67290010354294
 21
4.9531320790099445
 31
0.0
 11
-24.680336212221174
 21
4.7933442211350465
 31
0.0
 11
-24.68922775816066
 21
4.634126019017699
 31
0.0
 11
-24.699422730648312
 21
4.475407758566498
 31
0.0
 11
-24.710769428721935
 21
4.317123964008936
 31
0.0
 11
-24.723117007343642
 21
4.159213445018313
 31
0.0
 11
-24.73631602711581
 21
4.001619325180866
 31
0.0
 11
-24.75021900696966
 21
3.8442890516654376
 31
0.0
 11
-24.764680979268288
 21
3.687174385975625
 31
0.0
 11
-24.779560046777735
 21
3.530231375681004
 31
0.0
 11
-24.794717940971452
 21
3.373420307039826
 31
0.0
 11
-24.810020581144155
 21
3.2167056384405197
 31
0.0
 11
-24.825338633822373
 21
3.0600559146035056
 31
0.0
 11
-24.840548071968822
 21
2.9034436614982067
 31
0.0
 11
-24.855530733488273
 21
2.746845261942628
 31
0.0
 11
-24.870174878551545
 21
2.5902408118651477
 31
0.0
 11
-24.884375745263565
 21
2.4336139572191136
 31
0.0
 11
-24.898036103209915
 21
2.2769517115517464
 31
0.0
 11
-24.911066804424046
 21
2.1202442542388953
 31
0.0
 11
-24.923387331325014
 21
1.9634847094068069
 31
0.0
 11
-24.934926341182095
 21
1.806668905571194
 31
0.0
 11
-24.945622206669224
 21
1.64979511603258
 31
0.0
 11
-24.95542355207736
 21
1.4928637800751878
 31
0.0
 11
-24.964289784758428
 21
1.3358772050246182
 31
0.0
 11
-24.972191621378222
 21
1.1788392492272033
 31
0.0
 11
-24.979111602682973
 21
1.0217549857809571
 31
0.0
 11
-24.984665944804323
 21
0.864617243770855
 31
0.0
 11
-24.983445210779127
 21
0.707286233549045
 31
0.0
 11
-24.96221399862375
 21
0.5495860295991906
 31
0.0
 11
-24.90806472483383
 21
0.3916788917408004
 31
0.0
 11
-24.816280186646097
 21
0.23412899883240756
 31
0.0
 11
-24.692386754543065
 21
0.07765132787406859
 31
0.0
 11
-24.549561140681607
 21
-0.07720217734514499
 31
0.0
 11
-24.404077604763046
 21
-0.2302400768389832
 31
0.0
 11
-24.270944090160185
 21
-0.38166018065861085
 31
0.0
 11
-24.16087193352752
 21
-0.5319431072233247
 31
0.0
 11
-24.078893748545408
 21
-0.6816782042569539
 31
0.0
 11
-24.02444862617822
 21
-0.8313880441775499
 31
0.0
 11
-23.992550221653183
 21
-0.9814003076050523
 31
0.0
 11
-23.975639789924617
 21
-1.1317959447940642
 31
0.0
 11
-23.965807347499553
 21
-1.282446887597109
 31
0.0
 11
-23.957171978883864
 21
-1.4331471571970318
 31
0.0
 11
-23.947684454136738
 21
-1.5837958470388855
 31
0.0
 11
-23.937249622151427
 21
-1.7343818860940805
 31
0.0
 11
-23.92586789570237
 21
-1.8848993175760627
 31
0.0
 11
-23.913539725020637
 21
-2.0353421874122115
 31
0.0
 11
-23.90026559777615
 21
-2.1857045444793703
 31
0.0
 11
-23.886046039058378
 21
-2.3359804408392524
 31
0.0
 11
-23.870881611355557
 21
-2.4861639319737323
 31
0.0
 11
-23.854772914532457
 21
-2.6362490770199885
 31
0.0
 11
-23.837720585806633
 21
-2.7862299390055125
 31
0.0
 11
-23.819725299723242
 21
-2.93610058508297
 31
0.0
 11
-23.800787768128338
 21
-3.0858550867648438
 31
0.0
 11
-23.78090874014073
 21
-3.2354875201580167
 31
0.0
 11
-23.760089002122335
 21
-3.3849919661980583
 31
0.0
 11
-23.738329377647077
 21
-3.5343625108833807
 31
0.0
 11
-23.71563072746831
 21
-3.6835932455091824
 31
0.0
 11
-23.69199394948478
 21
-3.8326782669011776
 31
0.0
 11
-23.667419978705077
 21
-3.9816116776491115
 31
0.0
 11
-23.64190978721068
 21
-4.1303875863400465
 31
0.0
 11
-23.61546438411748
 21
-4.279000107791412
 31
0.0
 11
-23.588084815535876
 21
-4.427443363283804
 31
0.0
 11
-23.5597721645294
 21
-4.575711480793537
 31
0.0
 11
-23.53052755107184
 21
-4.723798595224917
 31
0.0
 11
-23.500352132002995
 21
-4.871698848642268
 31
0.0
 11
-23.46924710098284
 21
-5.0194063905016115
 31
0.0
 11
-23.437213688444384
 21
-5.166915377882162
 31
0.0
 11
-23.404253161544933
 21
-5.314219975717413
 31
0.0
 11
-23.370366824116005
 21
-5.46131435702597
 31
0.0
 11
-23.335556016611736
 21
-5.60819270314205
 31
0.0
 11
-23.299822116055864
 21
-5.754849203945655
 31
0.0
 11
-23.263166535987253
 21
-5.901278058092397
 31
0.0
 11
-23.225590726403976
 21
-6.047473473242993
 31
0.0
 11
-23.187096173705953
 21
-6.193429666292395
 31
0.0
 11
-23.147684400636173
 21
-6.339140863598539
 31
0.0
 11
-23.10735696622043
 21
-6.484601301210758
 31
0.0
 11
-23.06611546570567
 21
-6.629805225097772
 31
0.0
 11
-23.023961530496884
 21
-6.774746891375316
 31
0.0
 11
-22.980896828092582
 21
-6.9194205665333195
 31
0.0
 11
-22.93692306201881
 21
-7.063820527662759
 31
0.0
 11
-22.892041971761774
 21
-7.207941062682005
 31
0.0
 11
-22.84625533269904
 21
-7.351776470562795
 31
0.0
 11
-22.799564956029293
 21
-7.49532106155574
 31
0.0
 11
-22.751972688700697
 21
-7.6385691574153975
 31
0.0
 11
-22.70348041333782
 21
-7.781515091624892
 31
0.0
 11
-22.654090048167195
 21
-7.924153209620073
 31
0.0
 11
-22.603803546941403
 21
-8.066477869013175
 31
0.0
 11
-22.552622898861806
 21
-8.208483439816037
 31
0.0
 11
-22.500550128499864
 21
-8.350164304662801
 31
0.0
 11
-22.44758729571703
 21
-8.491514859032126
 31
0.0
 11
-22.393736495583298
 21
-8.632529511468853
 31
0.0
 11
-22.33899985829429
 21
-8.773202683805252
 31
0.0
 11
-22.283379549087023
 21
-8.91352881138163
 31
0.0
 11
-22.226877768154225
 21
-9.053502343266473
 31
0.0
 11
-22.169496750557347
 21
-9.193117742476018
 31
0.0
 11
-22.1112387661381
 21
-9.332369486193292
 31
0.0
 11
-22.05210611942871
 21
-9.471252065986572
 31
0.0
 11
-21.992101149560717
 21
-9.609759988027283
 31
0.0
 11
-21.931226230172484
 21
-9.747887773307328
 31
0.0
 11
-21.869483769315263
 21
-9.885629957855814
 31
0.0
 11
-21.806876209357974
 21
-10.022981092955193
 31
0.0
 11
-21.743406026890565
 21
-10.159935745356815
 31
0.0
 11
-21.679075732626057
 21
-10.296488497495833
 31
0.0
 11
-21.613887871301245
 21
-10.43263394770549
 31
0.0
 11
-21.547845021575984
 21
-10.568366710430858
 31
0.0
 11
-21.480949795931235
 21
-10.703681416441817
 31
0.0
 11
-21.413204840565694
 21
-10.838572713045474
 31
0.0
 11
-21.344612835291134
 21
-10.973035264297891
 31
0.0
 11
-21.275176493426372
 21
-11.107063751215168
 31
0.0
 11
-21.204898561689973
 21
-11.240652871983844
 31
0.0
 11
-21.133781820091556
 21
-11.373797342170626
 31
0.0
 11
-21.06182908182187
 21
-11.506491894931425
 31
0.0
 11
-20.989043193141466
 21
-11.638731281219695
 31
0.0
 11
-20.915427033268145
 21
-11.77051026999408
 31
0.0
 11
-20.840983514263034
 21
-11.901823648425335
 31
0.0
 11
-20.7657155809154
 21
-12.032666222102538
 31
0.0
 11
-20.689626210626198
 21
-12.163032815238537
 31
0.0
 11
-20.612718413290228
 21
-12.29291827087474
 31
0.0
 11
-20.534995231177124
 21
-12.422317451085076
 31
0.0
 11
-20.45645973881098
 21
-12.551225237179251
 31
0.0
 11
-20.377115042848754
 21
-12.679636529905226
 31
0.0
 11
-20.29696428195735
 21
-12.807546249650926
 31
0.0
 11
-20.21601062668949
 21
-12.934949336645186
 31
0.0
 11
-20.134257279358263
 21
-13.061840751157888
 31
0.0
 11
-20.051707473910483
 21
-13.188215473699335
 31
0.0
 11
-19.968364475798733
 21
-13.3140685052188
 31
0.0
 11
-19.88423158185222
 21
-13.439394867302278
 31
0.0
 11
-19.799312120146332
 21
-13.564189602369414
 31
0.0
 11
-19.713609449871008
 21
-13.68844777386963
 31
0.0
 11
-19.62712696119787
 21
-13.812164466477356
 31
0.0
 11
-19.53986807514607
 21
-13.935334786286528
 31
0.0
 11
-19.451836243447012
 21
-14.057953861004139
 31
0.0
 11
-19.363034948407787
 21
-14.180016840142986
 31
0.0
 11
-19.27346770277342
 21
-14.301518895213539
 31
0.0
 11
-19.18313804958793
 21
-14.42245521991494
 31
0.0
 11
-19.092049562054164
 21
-14.542821030325149
 31
0.0
 11
-19.000205843392457
 21
-14.66261156509014
 31
0.0
 11
-18.90761052669809
 21
-14.7818220856123
 31
0.0
 11
-18.814267274797587
 21
-14.900447876237836
 31
0.0
 11
-18.72017978010381
 21
-15.018484244443332
 31
0.0
 11
-18.625351764469897
 21
-15.13592652102137
 31
0.0
 11
-18.529786979042072
 21
-15.252770060265215
 31
0.0
 11
-18.433489204111194
 21
-15.36901024015262
 31
0.0
 11
-18.336462248963272
 21
-15.484642462528637
 31
0.0
 11
-18.238709951728747
 21
-15.599662153287515
 31
0.0
 11
-18.140236179230694
 21
-15.714064762553635
 31
0.0
 11
-18.041044826831847
 21
-15.827845764861497
 31
0.0
 11
-17.941139818280494
 21
-15.94100065933473
 31
0.0
 11
-17.84052510555529
 21
-16.05352496986414
 31
0.0
 11
-17.739204668708915
 21
-16.165414245284772
 31
0.0
 11
-17.637182515710627
 21
-16.27666405955198
 31
0.0
 11
-17.53446268228774
 21
-16.38727001191653
 31
0.0
 11
-17.43104923176594
 21
-16.49722772709864
 31
0.0
 11
-17.326946254908595
 21
-16.606532855461104
 31
0.0
 11
-17.222157869754913
 21
-16.715181073181316
 31
0.0
 11
-17.11668822145705
 21
-16.82316808242233
 31
0.0
 11
-17.010541482116125
 21
-16.930489611502868
 31
0.0
 11
-16.903721850617202
 21
-17.03714141506628
 31
0.0
 11
-16.796233552463175
 21
-17.143119274248498
 31
0.0
 11
-16.688080839607636
 21
-17.248418996844915
 31
0.0
 11
-16.57926799028667
 21
-17.353036417476215
 31
0.0
 11
-16.469799308849616
 21
-17.45696739775316
 31
0.0
 11
-16.359679125588798
 21
-17.560207826440273
 31
0.0
 11
-16.248911796568244
 21
-17.662753619618474
 31
0.0
 11
-16.137501703451353
 21
-17.764600720846637
 31
0.0
 11
-16.025453253327576
 21
-17.865745101322045
 31
0.0
 11
-15.912770878538085
 21
-17.96618276003977
 31
0.0
 11
-15.799459036500453
 21
-18.06590972395091
 31
0.0
 11
-15.685522209532309
 21
-18.1649220481198
 31
0.0
 11
-15.57096490467403
 21
-18.26321581588001
 31
0.0
 11
-15.455791653510447
 21
-18.36078713898935
 31
0.0
 11
-15.340007011991654
 21
-18.45763215778359
 31
0.0
 11
-15.223615560252673
 21
-18.55374704132922
 31
0.0
 11
-15.106621902432382
 21
-18.649127987574925
 31
0.0
 11
-14.989030666491344
 21
-18.743771223502012
 31
0.0
 11
-14.870846504028691
 21
-18.837673005273704
 31
0.0
 11
-14.752074090098228
 21
-18.930829618383147
 31
0.0
 11
-14.63271812302337
 21
-19.02323737780043
 31
0.0
 11
-14.512783324211421
 21
-19.114892628118287
 31
0.0
 11
-14.39227443796668
 21
-19.205791743696768
 31
0.0
 11
-14.271196231302891
 21
-19.29593112880656
 31
0.0
 11
-14.149553493754551
 21
-19.38530721777136
 31
0.0
 11
-14.027351037187573
 21
-19.47391647510877
 31
0.0
 11
-13.904593695608815
 21
-19.56175539567029
 31
0.0
 11
-13.781286324974984
 21
-19.648820504779863
 31
0.0
 11
-13.65743380300042
 21
-19.73510835837142
 31
0.0
 11
-13.53304102896427
 21
-19.820615543125037
 31
0.0
 11
-13.40811292351662
 21
-19.90533867660198
 31
0.0
 11
-13.282654428483808
 21
-19.989274407378563
 31
0.0
 11
-13.156670506673047
 21
-20.072419415178622
 31
0.0
 11
-13.03016614167599
 21
-20.15477041100495
 31
0.0
 11
-12.903146337671705
 21
-20.236324137269328
 31
0.0
 11
-12.775616119228614
 21
-20.31707736792145
 31
0.0
 11
-12.647580531105845
 21
-20.397026908576468
 31
0.0
 11
-12.519044638053552
 21
-20.476169596641423
 31
0.0
 11
-12.390013524612707
 21
-20.55450230144029
 31
0.0
 11
-12.260492294913814
 21
-20.63202192433788
 31
0.0
 11
-12.130486072475167
 21
-20.708725398862335
 31
0.0
 11
-12.00000000000001
 21
-20.784609690826525
 31
0.0
 11
-11.86903923917325
 21
-20.859671798447973
 31
0.0
 11
-11.737608970457217
 21
-20.933908752467666
 31
0.0
 11
-11.60571439288667
 21
-21.00731761626751
 31
0.0
 11
-11.473360723863278
 21
-21.07989548598644
 31
0.0
 11
-11.34055319894909
 21
-21.151639490635365
 31
0.0
 11
-11.207297071659568
 21
-21.22254679221066
 31
0.0
 11
-11.07359761325562
 21
-21.292614585806493
 31
0.0
 11
-10.939460112535246
 21
-21.361840099725736
 31
0.0
 11
-10.804889875624166
 21
-21.43022059558964
 31
0.0
 11
-10.669892225766082
 21
-21.497753368446123
 31
0.0
 11
-10.534472503111942
 21
-21.56443574687681
 31
0.0
 11
-10.398636064508864
 21
-21.630265093102665
 31
0.0
 11
-10.26238828328807
 21
-21.695238803088383
 31
0.0
 11
-10.125734549052465
 21
-21.759354306645342
 31
0.0
 11
-9.988680267463396
 21
-21.822609067533318
 31
0.0
 11
-9.851230860026735
 21
-21.88500058356081
 31
0.0
 11
-9.713391763878578
 21
-21.94652638668397
 31
0.0
 11
-9.575168431569997
 21
-22.007184043104317
 31
0.0
 11
-9.43656633085151
 21
-22.06697115336492
 31
0.0
 11
-9.29759094445664
 21
-22.1258853524454
 31
0.0
 11
-9.15824776988518
 21
-22.183924309855396
 31
0.0
 11
-9.018542319185581
 21
-22.241085729726837
 31
0.0
 11
-8.878480118737057
 21
-22.2973673509047
 31
0.0
 11
-8.738066709030821
 21
-22.352766947036496
 31
0.0
 11
-8.59730764445108
 21
-22.4072823266603
 31
0.0
 11
-8.456208493055156
 21
-22.460911333291484
 31
0.0
 11
-8.314774836353367
 21
-22.51365184550798
 31
0.0
 11
-8.173012269088181
 21
-22.56550177703421
 31
0.0
 11
-8.030926399012838
 21
-22.616459076823645
 31
0.0
 11
-7.888522846669667
 21
-22.66652172913989
 31
0.0
 11
-7.745807245167587
 21
-22.715687753636455
 31
0.0
 11
-7.6027852399594416
 21
-22.76395520543508
 31
0.0
 11
-7.459462488618515
 21
-22.811322175202676
 31
0.0
 11
-7.315844660614895
 21
-22.85778678922683
 31
0.0
 11
-7.171937437091043
 21
-22.903347209489972
 31
0.0
 11
-7.027746510637229
 21
-22.94800163374202
 31
0.0
 11
-6.883277585066176
 21
-22.991748295571732
 31
0.0
 11
-6.738536375187584
 21
-23.034585464476535
 31
0.0
 11
-6.593528606582001
 21
-23.076511445931008
 31
0.0
 11
-6.448260015374271
 21
-23.117524581453903
 31
0.0
 11
-6.30273634800678
 21
-23.157623248673733
 31
0.0
 11
-6.156963361011965
 21
-23.19680586139299
 31
0.0
 11
-6.010946820784779
 21
-23.235070869650848
 31
0.0
 11
-5.864692503354412
 21
-23.2724167597845
 31
0.0
 11
-5.718206194155977
 21
-23.308842054489027
 31
0.0
 11
-5.571493687801485
 21
-23.34434531287584
 31
0.0
 11
-5.424560787850796
 21
-23.378925130529666
 31
0.0
 11
-5.277413306581874
 21
-23.412580139564128
 31
0.0
 11
-5.1300570647610355
 21
-23.445309008675817
 31
0.0
 11
-4.982497891412537
 21
-23.477110443197
 31
0.0
 11
-4.834741623588126
 21
-23.5079831851468
 31
0.0
 11
-4.686794106136094
 21
-23.537926013280945
 31
0.0
 11
-4.538661191469994
 21
-23.56693774314016
 31
0.0
 11
-4.390348739337294
 21
-23.5950172270969
 31
0.0
 11
-4.241862616587404
 21
-23.622163354400847
 31
0.0
 11
-4.093208696939769
 21
-23.648375051222793
 31
0.0
 11
-3.9443928607513534
 21
-23.67365128069715
 31
0.0
 11
-3.7954209947841977
 21
-23.697991042962933
 31
0.0
 11
-3.6462989919723827
 21
-23.721393375203345
 31
0.0
 11
-3.4970327511890935
 21
-23.743857351683843
 31
0.0
 11
-3.347628177013103
 21
-23.76538208378876
 31
0.0
 11
-3.198091179495374
 21
-23.785966720056468
 31
0.0
 11
-3.048427673925101
 21
-23.805610446213045
 31
0.0
 11
-2.898643580595869
 21
-23.824312485204487
 31
0.0
 11
-2.7487448245713946
 21
-23.842072097227458
 31
0.0
 11
-2.5987373354510868
 21
-23.858888579758542
 31
0.0
 11
-2.4486270471356333
 21
-23.874761267582045
 31
0.0
 11
-2.2984198975920997
 21
-23.889689532816302
 31
0.0
 11
-2.148121828619215
 21
-23.903672784938504
 31
0.0
 11
-1.9977387856121531
 21
-23.91671047080808
 31
0.0
 11
-1.847276717327523
 21
-23.928802074688562
 31
0.0
 11
-1.69674157564788
 21
-23.93994711826799
 31
0.0
 11
-1.546139315346455
 21
-23.950145160677835
 31
0.0
 11
-1.3954758938514298
 21
-23.959395798510435
 31
0.0
 11
-1.2447572710104464
 21
-23.967698665834956
 31
0.0
 11
-1.0939894088546815
 21
-23.97505343421186
 31
0.0
 11
-0.9431782713631536
 21
-23.981459812705907
 31
0.0
 11
-0.7923298242267385
 21
-23.98691754789766
 31
0.0
 11
-0.6414500346121197
 21
-23.991426423893518
 31
0.0
 11
-0.49054487092589205
 21
-23.994986262334226
 31
0.0
 11
-0.3396203025782957
 21
-23.997596922401975
 31
0.0
 11
-0.18868229974725387
 21
-23.999258300825925
 31
0.0
 11
-0.03773683314203714
 21
-23.99997033188634
 31
0.0
 11
0.11321012623275152
 21
-23.999732987417136
 31
0.0
 11
0.26415260731354434
 21
-23.998546276807048
 31
0.0
 11
0.4150846392138377
 21
-23.996410246999208
 31
0.0
 11
0.5660002514605554
 21
-23.99332498248933
 31
0.0
 11
0.7168934742300541
 21
-23.989290605322335
 31
0.0
 11
0.8677583385844445
 21
-23.98430727508754
 31
0.0
 11
1.0185888767075573
 21
-23.97837518891236
 31
0.0
 11
1.169379122141078
 21
-23.97149458145446
 31
0.0
 11
1.32012311002063
 21
-23.963665724892536
 31
0.0
 11
1.4708148773115766
 21
-23.954888928915512
 31
0.0
 11
1.621448463045076
 21
-23.945164540710277
 31
0.0
 11
1.7720179085537098
 21
-23.934492944947987
 31
0.0
 11
1.922517257707363
 21
-23.922874563768822
 31
0.0
 11
2.0729405571486628
 21
-23.910309856765306
 31
0.0
 11
2.223281856528647
 21
-23.896799320964107
 31
0.0
 11
2.3735352087419748
 21
-23.882343490806388
 31
0.0
 11
2.523694670162348
 21
-23.866942938126662
 31
0.0
 11
2.6737543008774565
 21
-23.850598272130185
 31
0.0
 11
2.823708164924114
 21
-23.833310139368827
 31
0.0
 11
2.9735503305229196
 21
-23.815079223715532
 31
0.0
 11
3.1232748703129705
 21
-23.79590624633724
 31
0.0
 11
3.272875861586394
 21
-23.77579196566636
 31
0.0
 11
3.4223473865224845
 21
-23.754737177370806
 31
0.0
 11
3.5716835324219707
 21
-23.732742714322455
 31
0.0
 11
3.720878391940731
 21
-23.709809446564275
 31
0.0
 11
3.8699260633236476
 21
-23.685938281275842
 31
0.0
 11
4.018820650637891
 21
-23.661130162737503
 31
0.0
 11
4.167556264006319
 21
-23.635386072292995
 31
0.0
 11
4.3161270198402955
 21
-23.608707028310647
 31
0.0
 11
4.464527041072597
 21
-23.581094086143068
 31
0.0
 11
4.612750457389726
 21
-23.552548338085433
 31
0.0
 11
4.760791405464297
 21
-23.523070913332244
 31
0.0
 11
4.908644029186818
 21
-23.492662977932678
 31
0.0
 11
5.056302479897417
 21
-23.46132573474447
 31
0.0
 11
5.203760916617256
 21
-23.42906042338631
 31
0.0
 11
5.351013506279437
 21
-23.39586832018883
 31
0.0
 11
5.498054423959914
 21
-23.361750738144067
 31
0.0
 11
5.644877853107743
 21
-23.32670902685361
 31
0.0
 11
5.791477985775335
 21
-23.290744572475127
 31
0.0
 11
5.93784902284804
 21
-23.253858797667593
 31
0.0
 11
6.083985174273704
 21
-23.216053161534965
 31
0.0
 11
6.229880659291553
 21
-23.17732915956852
 31
0.0
 11
6.37552970666102
 21
-23.137688323587618
 31
0.0
 11
6.520926554889879
 21
-23.09713222167921
 31
0.0
 11
6.666065452462321
 21
-23.05566245813571
 31
0.0
 11
6.810940658066321
 21
-23.013280673391595
 31
0.0
 11
6.955546440820814
 21
-22.969988543958507
 31
0.0
 11
7.099877080502453
 21
-22.925787782358885
 31
0.0
 11
7.243926867771745
 21
-22.88068013705831
 31
0.0
 11
7.38769010439906
 21
-22.834667392396245
 31
0.0
 11
7.531161103489871
 21
-22.78775136851553
 31
0.0
 11
7.674334189709879
 21
-22.73993392129032
 31
0.0
 11
7.817203699509353
 21
-22.69121694225273
 31
0.0
 11
7.9597639813473275
 21
-22.64160235851795
 31
0.0
 11
8.102009395914994
 21
-22.591092132708088
 31
0.0
 11
8.243934316358947
 21
-22.53968826287443
 31
0.0
 11
8.3855331285036
 21
-22.48739278241852
 31
0.0
 11
8.526800231073434
 21
-22.434207760011628
 31
0.0
 11
8.667730035914424
 21
-22.38013529951298
 31
0.0
 11
8.808316968215156
 21
-22.325177539886507
 31
0.0
 11
8.948555466727402
 21
-22.269336655116227
 31
0.0
 11
9.088439983985987
 21
-22.21261485412028
 31
0.0
 11
9.227964986528372
 21
-22.155014380663502
 31
0.0
 11
9.367124955113395
 21
-22.09653751326872
 31
0.0
 11
9.505914384939755
 21
-22.037186565126582
 31
0.0
 11
9.64432778586361
 21
-21.976963884004068
 31
0.0
 11
9.782359682615901
 21
-21.915871852151604
 31
0.0
 11
9.920004615018795
 21
-21.853912886208864
 31
0.0
 11
10.057257138201827
 21
-21.79108943710911
 31
0.0
 11
10.194111822817126
 21
-21.72740398998233
 31
0.0
 11
10.330563255254342
 21
-21.66285906405682
 31
0.0
 11
10.466606037854662
 21
-21.59745721255964
 31
0.0
 11
10.602234789124381
 21
-21.531201022615544
 31
0.0
 11
10.73744414394784
 21
-21.464093115144657
 31
0.0
 11
10.872228753799522
 21
-21.396136144758824
 31
0.0
 11
11.006583286955774
 21
-21.327332799656546
 31
0.0
 11
11.140502428705569
 21
-21.257685801516715
 31
0.0
 11
11.273980881560894
 21
-21.187197905390875
 31
0.0
 11
11.40701336546614
 21
-21.115871899594318
 31
0.0
 11
11.539594618007145
 21
-21.04371060559569
 31
0.0
 11
11.671719394619181
 21
-20.970716877905495
 31
0.0
 11
11.80338246879459
 21
-20.89689360396307
 31
0.0
 11
11.934578632289359
 21
-20.822243704022444
 31
0.0
 11
12.065302695329311
 21
-20.746770131036765
 31
0.0
 11
12.195549486815258
 21
-20.67047587054154
 31
0.0
 11
12.325313854527627
 21
-20.59336394053651
 31
0.0
 11
12.454590665330295
 21
-20.515437391366223
 31
0.0
 11
12.583374805373547
 21
-20.43669930559948
 31
0.0
 11
12.711661180296483
 21
-20.35715279790726
 31
0.0
 11
12.839444715428423
 21
-20.27680101493964
 31
0.0
 11
12.966720355989759
 21
-20.19564713520121
 31
0.0
 11
13.093483067291787
 21
-20.113694368925447
 31
0.0
 11
13.219727834936005
 21
-20.030945957947623
 31
0.0
 11
13.345449665012323
 21
-19.94740517557666
 31
0.0
 11
13.470643584296752
 21
-19.86307532646555
 31
0.0
 11
13.595304640448012
 21
-19.777959746480747
 31
0.0
 11
13.719427902203478
 21
-19.69206180257011
 31
0.0
 11
13.84300845957431
 21
-19.60538489262973
 31
0.0
 11
13.96604142403955
 21
-19.5179324453696
 31
0.0
 11
14.088521928739642
 21
-19.42970792017786
 31
0.0
 11
14.210445128668812
 21
-19.340714806984067
 31
0.0
 11
14.331806200866861
 21
-19.250956626121052
 31
0.0
 11
14.452600344609815
 21
-19.160436928185753
 31
0.0
 11
14.572822781599953
 21
-19.069159293898654
 31
0.0
 11
14.69246875615471
 21
-18.977127333962265
 31
0.0
 11
14.811533535394917
 21
-18.884344688918166
 31
0.0
 11
14.930012409431887
 21
-18.790815029003127
 31
0.0
 11
15.047900691553872
 21
-18.6965420540038
 31
0.0
 11
15.165193718411327
 21
-18.601529493110444
 31
0.0
 11
15.281886850201442
 21
-18.505781104769405
 31
0.0
 11
15.397975470851717
 21
-18.409300676534375
 31
0.0
 11
15.513454988202447
 21
-18.31209202491667
 31
0.0
 11
15.628320834188532
 21
-18.21415899523414
 31
0.0
 11
15.74256846502001
 21
-18.115505461459186
 31
0.0
 11
15.856193361361948
 21
-18.01613532606539
 31
0.0
 11
15.96919102851309
 21
-17.916052519873265
 31
0.0
 11
16.081556996583767
 21
-17.815261001894633
 31
0.0
 11
16.193286820672604
 21
-17.71376475917615
 31
0.0
 11
16.304376081042466
 21
-17.61156780664147
 31
0.0
 11
16.414820383295154
 21
-17.508674186932538
 31
0.0
 11
16.5246153585454
 21
-17.405087970249546
 31
0.0
 11
16.63375666359353
 21
-17.300813254190047
 31
0.0
 11
16.742239981097338
 21
-17.19585416358681
 31
0.0
 11
16.850061019742935
 21
-17.090214850344616
 31
0.0
 11
16.95721551441436
 21
-16.98389949327612
 31
0.0
 11
17.06369922636245
 21
-16.87691229793642
 31
0.0
 11
17.169507943372352
 21
-16.769257496456834
 31
0.0
 11
17.274637479930316
 21
-16.660939347377347
 31
0.0
 11
17.379083677389115
 21
-16.551962135478302
 31
0.0
 11
17.482842404132654
 21
-16.44233017161075
 31
0.0
 11
17.585909555739338
 21
-16.332047792526073
 31
0.0
 11
17.6882810551445
 21
-16.221119360704307
 31
0.0
 11
17.789952852801587
 21
-16.109549264181684
 31
0.0
 11
17.89092092684246
 21
-15.997341916376937
 31
0.0
 11
17.991181283236376
 21
-15.884501755916835
 31
0.0
 11
18.09072995594806
 21
-15.77103324646054
 31
0.0
 11
18.18956300709458
 21
-15.656940876522988
 31
0.0
 11
18.28767652710107
 21
-15.54222915929747
 31
0.0
 11
18.38506663485547
 21
-15.426902632476951
 31
0.0
 11
18.481729477861936
 21
-15.310965858074702
 31
0.0
 11
18.57766123239337
 21
-15.194423422243718
 31
0.0
 11
18.672858103642536
 21
-15.077279935095435
 31
0.0
 11
18.767316325872308
 21
-14.959540030517209
 31
0.0
 11
18.861032162564502
 21
-14.841208365989187
 31
0.0
 11
18.954001906567818
 21
-14.722289622399893
 31
0.0
 11
19.046221880244342
 21
-14.602788503861229
 31
0.0
 11
19.137688435615168
 21
-14.482709737522239
 31
0.0
 11
19.228397954504576
 21
-14.362058073382249
 31
0.0
 11
19.318346848683227
 21
-14.240838284102903
 31
0.0
 11
19.407531560010117
 21
-14.11905516481933
 31
0.0
 11
19.49594856057325
 21
-13.996713532950576
 31
0.0
 11
19.583594352829305
 21
-13.873818228008904
 31
0.0
 11
19.670465469741863
 21
-13.750374111408494
 31
0.0
 11
19.75655847491868
 21
-13.626386066272994
 31
0.0
 11
19.841869962747506
 21
-13.50185899724251
 31
0.0
 11
19.92639655853089
 21
-13.37679783027942
 31
0.0
 11
20.010134918619627
 21
-13.251207512473705
 31
0.0
 11
20.09308173054505
 21
-13.125093011847069
 31
0.0
 11
20.17523371315002
 21
-12.99845931715658
 31
0.0
 11
20.2565876167188
 21
-12.871311437697193
 31
0.0
 11
20.337140223105507
 21
-12.743654403103692
 31
0.0
 11
20.416888345861466
 21
-12.615493263151711
 31
0.0
 11
20.495828830361294
 21
-12.486833087557901
 31
0.0
 11
20.573958553927593
 21
-12.357678965779519
 31
0.0
 11
20.65127442595458
 21
-12.228036006812962
 31
0.0
 11
20.727773388030243
 21
-12.097909338991808
 31
0.0
 11
20.803452414057425
 21
-11.967304109783806
 31
0.0
 11
20.878308510373422
 21
-11.836225485587404
 31
0.0
 11
20.95233871586851
 21
-11.70467865152724
 31
0.0
 11
21.025540102102983
 21
-11.572668811249166
 31
0.0
 11
21.097909773423087
 21
-11.440201186714269
 31
0.0
 11
21.169444867075462
 21
-11.307281017992452
 31
0.0
 11
21.24014255332049
 21
-11.173913563054985
 31
0.0
 11
21.31000003554415
 21
-11.040104097566669
 31
0.0
 11
21.379014550368673
 21
-10.905857914677073
 31
0.0
 11
21.44718336776189
 21
-10.771180324811098
 31
0.0
 11
21.514503791145152
 21
-10.636076655459043
 31
0.0
 11
21.58097315750008
 21
-10.500552250965711
 31
0.0
 11
21.64658883747382
 21
-10.364612472319156
 31
0.0
 11
21.71134823548315
 21
-10.228262696938456
 31
0.0
 11
21.775248789817056
 21
-10.091508318461164
 31
0.0
 11
21.838287972738158
 21
-9.954354746529779
 31
0.0
 11
21.900463290582618
 21
-9.816807406577924
 31
0.0
 11
21.96177228385886
 21
-9.678871739615564
 31
0.0
 11
22.022212527344784
 21
-9.540553202013934
 31
0.0
 11
22.081781630183784
 21
-9.40185726528955
 31
0.0
 11
22.140477235979247
 21
-9.262789415887896
 31
0.0
 11
22.198297022887793
 21
-9.123355154966339
 31
0.0
 11
22.25523870371117
 21
-8.98355999817646
 31
0.0
 11
22.311300025986647
 21
-8.843409475446016
 31
0.0
 11
22.366478772076167
 21
-8.702909130760016
 31
0.0
 11
22.420772759254067
 21
-8.562064521941581
 31
0.0
 11
22.47417983979341
 21
-8.420881220431943
 31
0.0
 11
22.526697901050937
 21
-8.279364811070193
 31
0.0
 11
22.57832486555066
 21
-8.137520891872217
 31
0.0
 11
22.629058691066014
 21
-7.995355073809404
 31
0.0
 11
22.678897370700675
 21
-7.8528729805865325
 31
0.0
 11
22.727838932967913
 21
-7.710080248419474
 31
0.0
 11
22.775881441868606
 21
-7.566982525812075
 31
0.0
 11
22.823022996967804
 21
-7.42358547333286
 31
0.0
 11
22.86926173346992
 21
-7.279894763391056
 31
0.0
 11
22.914595822292483
 21
-7.135916080012143
 31
0.0
 11
22.9590234701385
 21
-6.991655118613151
 31
0.0
 11
23.002542919567407
 21
-6.847117585777204
 31
0.0
 11
23.045152449064542
 21
-6.702309199027941
 31
0.0
 11
23.086850373109314
 21
-6.557235686603192
 31
0.0
 11
23.1276350422418
 21
-6.4119027872285335
 31
0.0
 11
23.16750484312808
 21
-6.266316249890131
 31
0.0
 11
23.206458198623952
 21
-6.120481833607474
 31
0.0
 11
23.244493567837434
 21
-5.974405307205413
 31
0.0
 11
23.28160944618962
 21
-5.828092449086096
 31
0.0
 11
23.31780436547424
 21
-5.68154904700033
 31
0.0
 11
23.353076893915773
 21
-5.534780897818571
 31
0.0
 11
23.38742563622599
 21
-5.38779380730176
 31
0.0
 11
23.420849233659265
 21
-5.240593589871499
 31
0.0
 11
23.45334636406621
 21
-5.093186068380209
 31
0.0
 11
23.484915741946068
 21
-4.9455770738806315
 31
0.0
 11
23.515556118497503
 21
-4.797772445395331
 31
0.0
 11
23.54526628166803
 21
-4.649778029685556
 31
0.0
 11
23.57404505620195
 21
-4.501599681020114
 31
0.0
 11
23.601891303686845
 21
-4.353243260943639
 31
0.0
 11
23.628803922598603
 21
-4.20471463804488
 31
0.0
 11
23.654781848345003
 21
-4.056019687724392
 31
0.0
 11
23.679824053307808
 21
-3.9071642919622698
 31
0.0
 11
23.703929546883437
 21
-3.7581543390854013
 31
0.0
 11
23.727097375522142
 21
-3.6089957235344876
 31
0.0
 11
23.749326622765725
 21
-3.459694345631018
 31
0.0
 11
23.77061640928379
 21
-3.310256111343695
 31
0.0
 11
23.790965892908524
 21
-3.1606869320549866
 31
0.0
 11
23.810374268668042
 21
-3.0109927243271155
 31
0.0
 11
23.828840768818168
 21
-2.8611794096681824
 31
0.0
 11
23.84636466287287
 21
-2.7112529142977597
 31
0.0
 11
23.862945257633108
 21
-2.561219168912637
 31
0.0
 11
23.878581897214293
 21
-2.411084108452044
 31
0.0
 11
23.893273963072186
 21
-2.260853671863055
 31
0.0
 11
23.90702087402743
 21
-2.1105338018654853
 31
0.0
 11
23.91982208628847
 21
-1.9601304447169652
 31
0.0
 11
23.931677093473112
 21
-1.8096495499776553
 31
0.0
 11
23.942585426628543
 21
-1.6590970702748362
 31
0.0
 11
23.95254665424987
 21
-1.5084789610675855
 31
0.0
 11
23.961560382297193
 21
-1.3578011804110253
 31
0.0
 11
23.969626254211214
 21
-1.207069688720809
 31
0.0
 11
23.976743950927304
 21
-1.0562904485371707
 31
0.0
 11
23.982913190888162
 21
-0.9054694242892345
 31
0.0
 11
23.98813373005492
 21
-0.7546125820589067
 31
0.0
 11
23.99240536191681
 21
-0.6037258893450441
 31
0.0
 11
23.995727917499355
 21
-0.45281531482722426
 31
0.0
 11
23.998101265371012
 21
-0.3018868281298109
 31
0.0
 11
23.999525311648398
 21
-0.1509463995856417
 31
0.0
 11
24.0
 21
-5.878304635907296e-15
 31
0.0
  0
ENDSEC
  0
SECTION
  2
OBJECTS
  0
DICTIONARY
  5
A
330
0
100
AcDbDictionary
281
1
  3
ACAD_COLOR
350
B
  3
ACAD_GROUP
350
C
  3
ACAD_LAYOUT
350
D
  3
ACAD_MATERIAL
350
E
  3
ACAD_MLEADERSTYLE
350
F
  3
ACAD_MLINESTYLE
350
10
  3
ACAD_PLOTSETTINGS
350
11
  3
ACAD_PLOTSTYLENAME
350
12
  3
ACAD_SCALELIST
350
14
  3
ACAD_TABLESTYLE
350
15
  3
ACAD_VISUALSTYLE
350
16
  3
EZDXF_META
350
2D
  0
DICTIONARY
  5
B
330
A
100
AcDbDictionary
281
1
  0
DICTIONARY
  5
C
330
A
100
AcDbDictionary
281
1
  0
DICTIONARY
  5
D
330
A
100
AcDbDictionary
281
1
  3
Model
350
1A
  3
Layout1
350
1E
  0
DICTIONARY
  5
E
330
A
100
AcDbDictionary
281
1
  3
ByBlock
350
1F
  3
ByLayer
350
20
  3
Global
350
21
  0
DICTIONARY
  5
F
330
A
100
AcDbDictionary
281
1
  3
Standard
350
2C
  0
DICTIONARY
  5
10
330
A
100
AcDbDictionary
281
1
  3
Standard
350
22
  0
DICTIONARY
  5
11
330
A
100
AcDbDictionary
281
1
  0
ACDBDICTIONARYWDFLT
  5
12
330
A
100
AcDbDictionary
281
1
  3
Normal
350
13
100
AcDbDictionaryWithDefault
340
13
  0
ACDBPLACEHOLDER
  5
13
330
12
  0
DICTIONARY
  5
14
330
A
100
AcDbDictionary
281
1
  0
DICTIONARY
  5
15
330
A
100
AcDbDictionary
281
1
  0
DICTIONARY
  5
16
330
A
100
AcDbDictionary
281
1
  3
2dWireframe
350
5A
  3
Basic
350
5B
  3
Brighten
350
5C
  3
ColorChange
350
5D
  3
Conceptual
350
5E
  3
Dim
350
5F
  3
EdgeColorOff
350
60
  3
Facepattern
350
61
  3
Flat
350
62
  3
FlatWithEdges
350
63
  3
Gouraud
350
64
  3
GouraudWithEdges
350
65
  3
Hidden
350
66
  3
JitterOff
350
67
  3
Linepattern
350
68
  3
Modeling
350
69
  3
OverhangOff
350
6A
  3
Realistic
350
6B
  3
Shaded
350
6C
  3
Shaded with edges
350
6D
  3
Shades of Gray
350
6E
  3
Sketchy
350
6F
  3
Thicken
350
70
  3
Wireframe
350
71
  3
X-Ray
350
72
  0
LAYOUT
  5
1A
330
D
100
AcDbPlotSettings
  1

  4
A3
  6

 40
7.5
 41
20.0
 42
7.5
 43
20.0
 44
420.0
 45
297.0
 46
0.0
 47
0.0
 48
0.0
 49
0.0
140
0.0
141
0.0
142
1.0
143
1.0
 70
1024
 72
1
 73
0
 74
5
  7

 75
16
 76
0
 77
2
 78
300
147
1.0
148
0.0
149
0.0
100
AcDbLayout
  1
Model
 70
1
 71
0
 10
0.0
 20
0.0
 11
420.0
 21
297.0
 12
0.0
 22
0.0
 32
0.0
 14
1e+20
 24
1e+20
 34
1e+20
 15
-1e+20
 25
-1e+20
 35
-1e+20
146
0.0
 13
0.0
 23
0.0
 33
0.0
 16
1.0
 26
0.0
 36
0.0
 17
0.0
 27
1.0
 37
0.0
 76
1
330
17
  0
LAYOUT
  5
1E
330
D
100
AcDbPlotSettings
  1

  4
A3
  6

 40
7.5
 41
20.0
 42
7.5
 43
20.0
 44
420.0
 45
297.0
 46
0.0
 47
0.0
 48
0.0
 49
0.0
140
0.0
141
0.0
142
1.0
143
1.0
 70
0
 72
1
 73
0
 74
5
  7

 75
16
 76
0
 77
2
 78
300
147
1.0
148
0.0
149
0.0
100
AcDbLayout
  1
Layout1
 70
1
 71
1
 10
0.0
 20
0.0
 11
420.0
 21
297.0
 12
0.0
 22
0.0
 32
0.0
 14
1e+20
 24
1e+20
 34
1e+20
 15
-1e+20
 25
-1e+20
 35
-1e+20
146
0.0
 13
0.0
 23
0.0
 33
0.0
 16
1.0
 26
0.0
 36
0.0
 17
0.0
 27
1.0
 37
0.0
 76
1
330
1B
  0
MATERIAL
  5
1F
102
{ACAD_REACTORS
330
E
102
}
330
E
100
AcDbMaterial
  1
ByBlock
  2

 70
0
 40
1.0
 71
1
 41
1.0
 91
-1023410177
 42
1.0
 72
1
  3

 73
1
 74
1
 75
1
 44
0.5
 73
0
 45
1.0
 46
1.0
 77
1
  4

 78
1
 79
1
170
1
 48
1.0
171
1
  6

172
1
173
1
174
1
140
1.0
141
1.0
175
1
  7

176
1
177
1
178
1
143
1.0
179
1
  8

270
1
271
1
272
1
145
1.0
146
1.0
273
1
  9

274
1
275
1
276
1
 42
1.0
 72
1
  3

 73
1
 74
1
 75
1
 94
63
  0
MATERIAL
  5
20
102
{ACAD_REACTORS
330
E
102
}
330
E
100
AcDbMaterial
  1
ByLayer
  2

 70
0
 40
1.0
 71
1
 41
1.0
 91
-1023410177
 42
1.0
 72
1
  3

 73
1
 74
1
 75
1
 44
0.5
 73
0
 45
1.0
 46
1.0
 77
1
  4

 78
1
 79
1
170
1
 48
1.0
171
1
  6

172
1
173
1
174
1
140
1.0
141
1.0
175
1
  7

176
1
177
1
178
1
143
1.0
179
1
  8

270
1
271
1
272
1
145
1.0
146
1.0
273
1
  9

274
1
275
1
276
1
 42
1.0
 72
1
  3

 73
1
 74
1
 75
1
 94
63
  0
MATERIAL
  5
21
102
{ACAD_REACTORS
330
E
102
}
330
E
100
AcDbMaterial
  1
Global
  2

 70
0
 40
1.0
 71
1
 41
1.0
 91
-1023410177
 42
1.0
 72
1
  3

 73
1
 74
1
 75
1
 44
0.5
 73
0
 45
1.0
 46
1.0
 77
1
  4

 78
1
 79
1
170
1
 48
1.0
171
1
  6

172
1
173
1
174
1
140
1.0
141
1.0
175
1
  7

176
1
177
1
178
1
143
1.0
179
1
  8

270
1
271
1
272
1
145
1.0
146
1.0
273
1
  9

274
1
275
1
276
1
 42
1.0
 72
1
  3

 73
1
 74
1
 75
1
 94
63
  0
MLINESTYLE
  5
22
102
{ACAD_REACTORS
330
10
102
}
330
10
100
AcDbMlineStyle
  2
Standard
 70
0
  3

 62
256
 51
90.0
 52
90.0
 71
2
 49
0.5
 62
256
  6
BYLAYER
 49
-0.5
 62
256
  6
BYLAYER
  0
MLEADERSTYLE
  5
2C
102
{ACAD_REACTORS
330
F
102
}
330
F
100
AcDbMLeaderStyle
179
2
170
2
171
1
172
0
 90
2
 40
0.0
 41
0.0
173
1
 91
-1056964608
 92
-2
290
1
 42
2.0
291
1
 43
8.0
  3
Standard
 44
4.0
300

342
29
174
1
175
1
176
0
178
1
 93
-1056964608
 45
4.0
292
0
297
0
 46
4.0
 94
-1056964608
 47
1.0
 49
1.0
140
1.0
294
1
141
0.0
177
0
142
1.0
295
0
296
0
143
3.75
271
0
272
9
273
9
  0
DICTIONARY
  5
2D
330
A
100
AcDbDictionary
280
1
281
1
  3
CREATED_BY_EZDXF
350
2E
  3
WRITTEN_BY_EZDXF
350
8D
  0
DICTIONARYVAR
  5
2E
330
2D
100
DictionaryVariables
280
0
  1
1.4.4b1 @ 2026-02-22T21:35:35.645338+00:00
  0
VISUALSTYLE
  5
5A
102
{ACAD_REACTORS
330
16
102
}
330
16
100
AcDbVisualStyle
  2
2dWireframe
 70
4
177
3
291
0
 70
58
 90
2
176
1
 90
2
176
1
 90
0
176
1
 90
0
176
1
 40
0.6
176
1
 40
30.0
176
1
 62
7
420
16777215
176
1
 90
1
176
1
 90
4
176
1
 62
7
176
1
 62
257
176
1
 90
1
176
1
 90
1
176
1
 40
1.0
176
1
 90
8
176
1
 62
7
176
1
 40
1.0
176
1
 90
1
176
1
 90
6
176
1
 90
2
176
1
 62
7
176
1
 90
5
176
1
 90
0
176
1
 90
0
176
1
290
0
176
1
 90
1
176
1
 40
0.0
176
1
 90
0
176
1
290
1
176
1
290
1
176
1
290
0
176
1
290
0
176
1
290
0
176
1
290
0
176
1
290
0
176
1
290
0
176
1
290
0
176
1
 90
50
176
1
 40
0.0
176
1
 40
1.0
176
1
 90
0
176
1
 62
18
420
0
176
1
 90
50
176
1
 90
3
176
1
 62
5
420
255
176
1
290
0
176
1
 90
50
176
1
 90
50
176
1
 90
50
176
1
290
0
176
1
 90
50
176
1
 62
256
176
0
 40
1.0
176
0
 90
2
176
1
  1
strokes_ogs.tif
176
1
290
0
176
1
 40
1.0
176
1
 40
1.0
176
1
  0
VISUALSTYLE
  5
5B
102
{ACAD_REACTORS
330
16
102
}
330
16
100
AcDbVisualStyle
  2
Basic
 70
7
177
3
291
1
 70
58
 90
2
176
1
 90
2
176
1
 90
0
176
1
 90
1
176
1
 40
0.6
176
1
 40
30.0
176
1
 62
7
420
16777215
176
1
 90
1
176
1
 90
4
176
1
 62
7
176
1
 62
257
176
1
 90
1
176
1
 90
1
176
1
 40
1.0
176
1
 90
8
176
1
 62
7
176
1
 40
1.0
176
1
 90
1
176
1
 90
6
176
1
 90
2
176
1
 62
7
176
1
 90
5
176
1
 90
0
176
1
 90
0
176
1
290
0
176
1
 90
1
176
1
 40
0.0
176
1
 90
0
176
1
290
0
176
1
290
1
176
1
290
1
176
1
290
0
176
1
290
0
176
1
290
0
176
1
290
0
176
1
290
0
176
1
290
0
176
1
 90
50
176
1
 40
0.0
176
1
 40
1.0
176
1
 90
0
176
1
 62
18
420
0
176
1
 90
50
176
1
 90
3
176
1
 62
5
420
255
176
1
290
0
176
1
 90
50
176
1
 90
50
176
1
 90
50
176
1
290
0
176
1
 90
50
176
1
 62
256
176
0
 40
1.0
176
0
 90
2
176
1
  1
strokes_ogs.tif
176
1
290
0
176
1
 40
1.0
176
1
 40
1.0
176
1
  0
VISUALSTYLE
  5
5C
102
{ACAD_REACTORS
330
16
102
}
330
16
100
AcDbVisualStyle
  2
Brighten
 70
12
177
3
291
1
 70
58
 90
2
176
1
 90
2
176
1
 90
0
176
1
 90
2
176
1
 40
0.6
176
1
 40
30.0
176
1
 62
7
420
16777215
176
1
 90
1
176
1
 90
4
176
1
 62
7
176
1
 62
257
176
1
 90
1
176
1
 90
1
176
1
 40
1.0
176
1
 90
8
176
1
 62
7
176
1
 40
1.0
176
1
 90
1
176
1
 90
6
176
1
 90
2
176
1
 62
7
176
1
 90
5
176
1
 90
0
176
1
 90
0
176
1
290
0
176
1
 90
1
176
1
 40
0.0
176
1
 90
0
176
1
290
0
176
1
290
1
176
1
290
1
176
1
290
0
176
1
290
0
176
1
290
0
176
1
290
0
176
1
290
0
176
1
290
0
176
1
 90
50
176
1
 40
0.0
176
1
 40
1.0
176
1
 90
0
176
1
 62
18
420
0
176
1
 90
50
176
1
 90
3
176
1
 62
5
420
255
176
1
290
0
176
1
 90
50
176
1
 90
50
176
1
 90
50
176
1
290
0
176
1
 90
50
176
1
 62
256
176
0
 40
1.0
176
0
 90
2
176
1
  1
strokes_ogs.tif
176
1
290
0
176
1
 40
1.0
176
1
 40
1.0
176
1
  0
VISUALSTYLE
  5
5D
102
{ACAD_REACTORS
330
16
102
}
330
16
100
AcDbVisualStyle
  2
ColorChange
 70
16
177
3
291
1
 70
58
 90
2
176
1
 90
2
176
1
 90
0
176
1
 90
2
176
1
 40
0.6
176
1
 40
30.0
176
1
 62
7
420
16777215
176
1
 90
1
176
1
 90
4
176
1
 62
7
176
1
 62
257
176
1
 90
1
176
1
 90
1
176
1
 40
1.0
176
1
 90
8
176
1
 62
7
176
1
 40
1.0
176
1
 90
1
176
1
 90
6
176
1
 90
2
176
1
 62
7
176
1
 90
5
176
1
 90
0
176
1
 90
0
176
1
290
0
176
1
 90
1
176
1
 40
0.0
176
1
 90
0
176
1
290
0
176
1
290
1
176
1
290
1
176
1
290
0
176
1
290
0
176
1
290
0
176
1
290
0
176
1
290
0
176
1
290
0
176
1
 90
50
176
1
 40
0.0
176
1
 40
1.0
176
1
 90
0
176
1
 62
18
420
0
176
1
 90
50
176
1
 90
3
176
1
 62
5
420
255
176
1
290
0
176
1
 90
50
176
1
 90
50
176
1
 90
50
176
1
290
0
176
1
 90
50
176
1
 62
256
176
0
 40
1.0
176
0
 90
2
176
1
  1
strokes_ogs.tif
176
1
290
0
176
1
 40
1.0
176
1
 40
1.0
176
1
  0
VISUALSTYLE
  5
5E
102
{ACAD_REACTORS
330
16
102
}
330
16
100
AcDbVisualStyle
  2
Conceptual
 70
9
177
3
291
0
 70
58
 90
2
176
1
 90
2
176
1
 90
0
176
1
 90
3
176
1
 40
0.6
176
1
 40
30.0
176
1
 62
7
420
16777215
176
1
 90
1
176
1
 90
4
176
1
 62
7
176
1
 62
257
176
1
 90
1
176
1
 90
1
176
1
 40
1.0
176
1
 90
8
176
1
 62
7
176
1
 40
1.0
176
1
 90
1
176
1
 90
6
176
1
 90
2
176
1
 62
7
176
1
 90
5
176
1
 90
0
176
1
 90
0
176
1
290
0
176
1
 90
1
176
1
 40
0.0
176
1
 90
0
176
1
290
0
176
1
290
1
176
1
290
1
176
1
290
0
176
1
290
0
176
1
290
0
176
1
290
0
176
1
290
0
176
1
290
0
176
1
 90
50
176
1
 40
0.0
176
1
 40
1.0
176
1
 90
0
176
1
 62
18
420
0
176
1
 90
50
176
1
 90
3
176
1
 62
5
420
255
176
1
290
0
176
1
 90
50
176
1
 90
50
176
1
 90
50
176
1
290
0
176
1
 90
50
176
1
 62
256
176
0
 40
1.0
176
0
 90
2
176
1
  1
strokes_ogs.tif
176
1
290
0
176
1
 40
1.0
176
1
 40
1.0
176
1
  0
VISUALSTYLE
  5
5F
102
{ACAD_REACTORS
330
16
102
}
330
16
100
AcDbVisualStyle
  2
Dim
 70
11
177
3
291
1
 70
58
 90
2
176
1
 90
2
176
1
 90
0
176
1
 90
2
176
1
 40
0.6
176
1
 40
30.0
176
1
 62
7
420
16777215
176
1
 90
1
176
1
 90
4
176
1
 62
7
176
1
 62
257
176
1
 90
1
176
1
 90
1
176
1
 40
1.0
176
1
 90
8
176
1
 62
7
176
1
 40
1.0
176
1
 90
1
176
1
 90
6
176
1
 90
2
176
1
 62
7
176
1
 90
5
176
1
 90
0
176
1
 90
0
176
1
290
0
176
1
 90
1
176
1
 40
0.0
176
1
 90
0
176
1
290
0
176
1
290
1
176
1
290
1
176
1
290
0
176
1
290
0
176
1
290
0
176
1
290
0
176
1
290
0
176
1
290
0
176
1
 90
50
176
1
 40
0.0
176
1
 40
1.0
176
1
 90
0
176
1
 62
18
420
0
176
1
 90
50
176
1
 90
3
176
1
 62
5
420
255
176
1
290
0
176
1
 90
50
176
1
 90
50
176
1
 90
50
176
1
290
0
176
1
 90
50
176
1
 62
256
176
0
 40
1.0
176
0
 90
2
176
1
  1
strokes_ogs.tif
176
1
290
0
176
1
 40
1.0
176
1
 40
1.0
176
1
  0
VISUALSTYLE
  5
60
102
{ACAD_REACTORS
330
16
102
}
330
16
100
AcDbVisualStyle
  2
EdgeColorOff
 70
22
177
3
291
1
 70
58
 90
2
176
1
 90
2
176
1
 90
0
176
1
 90
2
176
1
 40
0.6
176
1
 40
30.0
176
1
 62
7
420
16777215
176
1
 90
1
176
1
 90
4
176
1
 62
7
176
1
 62
257
176
1
 90
1
176
1
 90
1
176
1
 40
1.0
176
1
 90
8
176
1
 62
7
176
1
 40
1.0
176
1
 90
1
176
1
 90
6
176
1
 90
2
176
1
 62
7
176
1
 90
5
176
1
 90
0
176
1
 90
0
176
1
290
0
176
1
 90
1
176
1
 40
0.0
176
1
 90
0
176
1
290
0
176
1
290
1
176
1
290
1
176
1
290
0
176
1
290
0
176
1
290
0
176
1
290
0
176
1
290
0
176
1
290
0
176
1
 90
50
176
1
 40
0.0
176
1
 40
1.0
176
1
 90
0
176
1
 62
18
420
0
176
1
 90
50
176
1
 90
3
176
1
 62
5
420
255
176
1
290
0
176
1
 90
50
176
1
 90
50
176
1
 90
50
176
1
290
0
176
1
 90
50
176
1
 62
256
176
0
 40
1.0
176
0
 90
2
176
1
  1
strokes_ogs.tif
176
1
290
0
176
1
 40
1.0
176
1
 40
1.0
176
1
  0
VISUALSTYLE
  5
61
102
{ACAD_REACTORS
330
16
102
}
330
16
100
AcDbVisualStyle
  2
Facepattern
 70
15
177
3
291
1
 70
58
 90
2
176
1
 90
2
176
1
 90
0
176
1
 90
2
176
1
 40
0.6
176
1
 40
30.0
176
1
 62
7
420
16777215
176
1
 90
1
176
1
 90
4
176
1
 62
7
176
1
 62
257
176
1
 90
1
176
1
 90
1
176
1
 40
1.0
176
1
 90
8
176
1
 62
7
176
1
 40
1.0
176
1
 90
1
176
1
 90
6
176
1
 90
2
176
1
 62
7
176
1
 90
5
176
1
 90
0
176
1
 90
0
176
1
290
0
176
1
 90
1
176
1
 40
0.0
176
1
 90
0
176
1
290
0
176
1
290
1
176
1
290
1
176
1
290
0
176
1
290
0
176
1
290
0
176
1
290
0
176
1
290
0
176
1
290
0
176
1
 90
50
176
1
 40
0.0
176
1
 40
1.0
176
1
 90
0
176
1
 62
18
420
0
176
1
 90
50
176
1
 90
3
176
1
 62
5
420
255
176
1
290
0
176
1
 90
50
176
1
 90
50
176
1
 90
50
176
1
290
0
176
1
 90
50
176
1
 62
256
176
0
 40
1.0
176
0
 90
2
176
1
  1
strokes_ogs.tif
176
1
290
0
176
1
 40
1.0
176
1
 40
1.0
176
1
  0
VISUALSTYLE
  5
62
102
{ACAD_REACTORS
330
16
102
}
330
16
100
AcDbVisualStyle
  2
Flat
 70
0
177
3
291
1
 70
58
 90
2
176
1
 90
2
176
1
 90
0
176
1
 90
2
176
1
 40
0.6
176
1
 40
30.0
176
1
 62
7
420
16777215
176
1
 90
1
176
1
 90
4
176
1
 62
7
176
1
 62
257
176
1
 90
1
176
1
 90
1
176
1
 40
1.0
176
1
 90
8
176
1
 62
7
176
1
 40
1.0
176
1
 90
1
176
1
 90
6
176
1
 90
2
176
1
 62
7
176
1
 90
5
176
1
 90
0
176
1
 90
0
176
1
290
0
176
1
 90
1
176
1
 40
0.0
176
1
 90
0
176
1
290
0
176
1
290
1
176
1
290
1
176
1
290
0
176
1
290
0
176
1
290
0
176
1
290
0
176
1
290
0
176
1
290
0
176
1
 90
50
176
1
 40
0.0
176
1
 40
1.0
176
1
 90
0
176
1
 62
18
420
0
176
1
 90
50
176
1
 90
3
176
1
 62
5
420
255
176
1
290
0
176
1
 90
50
176
1
 90
50
176
1
 90
50
176
1
290
0
176
1
 90
50
176
1
 62
256
176
0
 40
1.0
176
0
 90
2
176
1
  1
strokes_ogs.tif
176
1
290
0
176
1
 40
1.0
176
1
 40
1.0
176
1
  0
VISUALSTYLE
  5
63
102
{ACAD_REACTORS
330
16
102
}
330
16
100
AcDbVisualStyle
  2
FlatWithEdges
 70
1
177
3
291
1
 70
58
 90
2
176
1
 90
2
176
1
 90
0
176
1
 90
2
176
1
 40
0.6
176
1
 40
30.0
176
1
 62
7
420
16777215
176
1
 90
1
176
1
 90
4
176
1
 62
7
176
1
 62
257
176
1
 90
1
176
1
 90
1
176
1
 40
1.0
176
1
 90
8
176
1
 62
7
176
1
 40
1.0
176
1
 90
1
176
1
 90
6
176
1
 90
2
176
1
 62
7
176
1
 90
5
176
1
 90
0
176
1
 90
0
176
1
290
0
176
1
 90
1
176
1
 40
0.0
176
1
 90
0
176
1
290
0
176
1
290
1
176
1
290
1
176
1
290
0
176
1
290
0
176
1
290
0
176
1
290
0
176
1
290
0
176
1
290
0
176
1
 90
50
176
1
 40
0.0
176
1
 40
1.0
176
1
 90
0
176
1
 62
18
420
0
176
1
 90
50
176
1
 90
3
176
1
 62
5
420
255
176
1
290
0
176
1
 90
50
176
1
 90
50
176
1
 90
50
176
1
290
0
176
1
 90
50
176
1
 62
256
176
0
 40
1.0
176
0
 90
2
176
1
  1
strokes_ogs.tif
176
1
290
0
176
1
 40
1.0
176
1
 40
1.0
176
1
  0
VISUALSTYLE
  5
64
102
{ACAD_REACTORS
330
16
102
}
330
16
100
AcDbVisualStyle
  2
Gouraud
 70
2
177
3
291
1
 70
58
 90
2
176
1
 90
2
176
1
 90
0
176
1
 90
2
176
1
 40
0.6
176
1
 40
30.0
176
1
 62
7
420
16777215
176
1
 90
1
176
1
 90
4
176
1
 62
7
176
1
 62
257
176
1
 90
1
176
1
 90
1
176
1
 40
1.0
176
1
 90
8
176
1
 62
7
176
1
 40
1.0
176
1
 90
1
176
1
 90
6
176
1
 90
2
176
1
 62
7
176
1
 90
5
176
1
 90
0
176
1
 90
0
176
1
290
0
176
1
 90
1
176
1
 40
0.0
176
1
 90
0
176
1
290
0
176
1
290
1
176
1
290
1
176
1
290
0
176
1
290
0
176
1
290
0
176
1
290
0
176
1
290
0
176
1
290
0
176
1
 90
50
176
1
 40
0.0
176
1
 40
1.0
176
1
 90
0
176
1
 62
18
420
0
176
1
 90
50
176
1
 90
3
176
1
 62
5
420
255
176
1
290
0
176
1
 90
50
176
1
 90
50
176
1
 90
50
176
1
290
0
176
1
 90
50
176
1
 62
256
176
0
 40
1.0
176
0
 90
2
176
1
  1
strokes_ogs.tif
176
1
290
0
176
1
 40
1.0
176
1
 40
1.0
176
1
  0
VISUALSTYLE
  5
65
102
{ACAD_REACTORS
330
16
102
}
330
16
100
AcDbVisualStyle
  2
GouraudWithEdges
 70
3
177
3
291
1
 70
58
 90
2
176
1
 90
2
176
1
 90
0
176
1
 90
2
176
1
 40
0.6
176
1
 40
30.0
176
1
 62
7
420
16777215
176
1
 90
1
176
1
 90
4
176
1
 62
7
176
1
 62
257
176
1
 90
1
176
1
 90
1
176
1
 40
1.0
176
1
 90
8
176
1
 62
7
176
1
 40
1.0
176
1
 90
1
176
1
 90
6
176
1
 90
2
176
1
 62
7
176
1
 90
5
176
1
 90
0
176
1
 90
0
176
1
290
0
176
1
 90
1
176
1
 40
0.0
176
1
 90
0
176
1
290
0
176
1
290
1
176
1
290
1
176
1
290
0
176
1
290
0
176
1
290
0
176
1
290
0
176
1
290
0
176
1
290
0
176
1
 90
50
176
1
 40
0.0
176
1
 40
1.0
176
1
 90
0
176
1
 62
18
420
0
176
1
 90
50
176
1
 90
3
176
1
 62
5
420
255
176
1
290
0
176
1
 90
50
176
1
 90
50
176
1
 90
50
176
1
290
0
176
1
 90
50
176
1
 62
256
176
0
 40
1.0
176
0
 90
2
176
1
  1
strokes_ogs.tif
176
1
290
0
176
1
 40
1.0
176
1
 40
1.0
176
1
  0
VISUALSTYLE
  5
66
102
{ACAD_REACTORS
330
16
102
}
330
16
100
AcDbVisualStyle
  2
Hidden
 70
6
177
3
291
0
 70
58
 90
2
176
1
 90
2
176
1
 90
0
176
1
 90
1
176
1
 40
0.6
176
1
 40
30.0
176
1
 62
7
420
16777215
176
1
 90
1
176
1
 90
4
176
1
 62
7
176
1
 62
257
176
1
 90
1
176
1
 90
1
176
1
 40
1.0
176
1
 90
8
176
1
 62
7
176
1
 40
1.0
176
1
 90
1
176
1
 90
6
176
1
 90
2
176
1
 62
7
176
1
 90
5
176
1
 90
0
176
1
 90
0
176
1
290
0
176
1
 90
1
176
1
 40
0.0
176
1
 90
0
176
1
290
0
176
1
290
1
176
1
290
1
176
1
290
0
176
1
290
0
176
1
290
0
176
1
290
0
176
1
290
0
176
1
290
0
176
1
 90
50
176
1
 40
0.0
176
1
 40
1.0
176
1
 90
0
176
1
 62
18
420
0
176
1
 90
50
176
1
 90
3
176
1
 62
5
420
255
176
1
290
0
176
1
 90
50
176
1
 90
50
176
1
 90
50
176
1
290
0
176
1
 90
50
176
1
 62
256
176
0
 40
1.0
176
0
 90
2
176
1
  1
strokes_ogs.tif
176
1
290
0
176
1
 40
1.0
176
1
 40
1.0
176
1
  0
VISUALSTYLE
  5
67
102
{ACAD_REACTORS
330
16
102
}
330
16
100
AcDbVisualStyle
  2
JitterOff
 70
20
177
3
291
1
 70
58
 90
2
176
1
 90
2
176
1
 90
0
176
1
 90
2
176
1
 40
0.6
176
1
 40
30.0
176
1
 62
7
420
16777215
176
1
 90
1
176
1
 90
4
176
1
 62
7
176
1
 62
257
176
1
 90
1
176
1
 90
1
176
1
 40
1.0
176
1
 90
8
176
1
 62
7
176
1
 40
1.0
176
1
 90
1
176
1
 90
6
176
1
 90
2
176
1
 62
7
176
1
 90
5
176
1
 90
0
176
1
 90
0
176
1
290
0
176
1
 90
1
176
1
 40
0.0
176
1
 90
0
176
1
290
0
176
1
290
1
176
1
290
1
176
1
290
0
176
1
290
0
176
1
290
0
176
1
290
0
176
1
290
0
176
1
290
0
176
1
 90
50
176
1
 40
0.0
176
1
 40
1.0
176
1
 90
0
176
1
 62
18
420
0
176
1
 90
50
176
1
 90
3
176
1
 62
5
420
255
176
1
290
0
176
1
 90
50
176
1
 90
50
176
1
 90
50
176
1
290
0
176
1
 90
50
176
1
 62
256
176
0
 40
1.0
176
0
 90
2
176
1
  1
strokes_ogs.tif
176
1
290
0
176
1
 40
1.0
176
1
 40
1.0
176
1
  0
VISUALSTYLE
  5
68
102
{ACAD_REACTORS
330
16
102
}
330
16
100
AcDbVisualStyle
  2
Linepattern
 70
14
177
3
291
1
 70
58
 90
2
176
1
 90
2
176
1
 90
0
176
1
 90
2
176
1
 40
0.6
176
1
 40
30.0
176
1
 62
7
420
16777215
176
1
 90
1
176
1
 90
4
176
1
 62
7
176
1
 62
257
176
1
 90
1
176
1
 90
1
176
1
 40
1.0
176
1
 90
8
176
1
 62
7
176
1
 40
1.0
176
1
 90
1
176
1
 90
6
176
1
 90
2
176
1
 62
7
176
1
 90
5
176
1
 90
0
176
1
 90
0
176
1
290
0
176
1
 90
1
176
1
 40
0.0
176
1
 90
0
176
1
290
0
176
1
290
1
176
1
290
1
176
1
290
0
176
1
290
0
176
1
290
0
176
1
290
0
176
1
290
0
176
1
290
0
176
1
 90
50
176
1
 40
0.0
176
1
 40
1.0
176
1
 90
0
176
1
 62
18
420
0
176
1
 90
50
176
1
 90
3
176
1
 62
5
420
255
176
1
290
0
176
1
 90
50
176
1
 90
50
176
1
 90
50
176
1
290
0
176
1
 90
50
176
1
 62
256
176
0
 40
1.0
176
0
 90
2
176
1
  1
strokes_ogs.tif
176
1
290
0
176
1
 40
1.0
176
1
 40
1.0
176
1
  0
VISUALSTYLE
  5
69
102
{ACAD_REACTORS
330
16
102
}
330
16
100
AcDbVisualStyle
  2
Modeling
 70
10
177
3
291
0
 70
58
 90
2
176
1
 90
2
176
1
 90
0
176
1
 90
2
176
1
 40
0.6
176
1
 40
30.0
176
1
 62
7
420
16777215
176
1
 90
1
176
1
 90
4
176
1
 62
7
176
1
 62
257
176
1
 90
1
176
1
 90
1
176
1
 40
1.0
176
1
 90
8
176
1
 62
7
176
1
 40
1.0
176
1
 90
1
176
1
 90
6
176
1
 90
2
176
1
 62
7
176
1
 90
5
176
1
 90
0
176
1
 90
0
176
1
290
0
176
1
 90
1
176
1
 40
0.0
176
1
 90
0
176
1
290
0
176
1
290
1
176
1
290
1
176
1
290
0
176
1
290
0
176
1
290
0
176
1
290
0
176
1
290
0
176
1
290
0
176
1
 90
50
176
1
 40
0.0
176
1
 40
1.0
176
1
 90
0
176
1
 62
18
420
0
176
1
 90
50
176
1
 90
3
176
1
 62
5
420
255
176
1
290
0
176
1
 90
50
176
1
 90
50
176
1
 90
50
176
1
290
0
176
1
 90
50
176
1
 62
256
176
0
 40
1.0
176
0
 90
2
176
1
  1
strokes_ogs.tif
176
1
290
0
176
1
 40
1.0
176
1
 40
1.0
176
1
  0
VISUALSTYLE
  5
6A
102
{ACAD_REACTORS
330
16
102
}
330
16
100
AcDbVisualStyle
  2
OverhangOff
 70
21
177
3
291
1
 70
58
 90
2
176
1
 90
2
176
1
 90
0
176
1
 90
2
176
1
 40
0.6
176
1
 40
30.0
176
1
 62
7
420
16777215
176
1
 90
1
176
1
 90
4
176
1
 62
7
176
1
 62
257
176
1
 90
1
176
1
 90
1
176
1
 40
1.0
176
1
 90
8
176
1
 62
7
176
1
 40
1.0
176
1
 90
1
176
1
 90
6
176
1
 90
2
176
1
 62
7
176
1
 90
5
176
1
 90
0
176
1
 90
0
176
1
290
0
176
1
 90
1
176
1
 40
0.0
176
1
 90
0
176
1
290
0
176
1
290
1
176
1
290
1
176
1
290
0
176
1
290
0
176
1
290
0
176
1
290
0
176
1
290
0
176
1
290
0
176
1
 90
50
176
1
 40
0.0
176
1
 40
1.0
176
1
 90
0
176
1
 62
18
420
0
176
1
 90
50
176
1
 90
3
176
1
 62
5
420
255
176
1
290
0
176
1
 90
50
176
1
 90
50
176
1
 90
50
176
1
290
0
176
1
 90
50
176
1
 62
256
176
0
 40
1.0
176
0
 90
2
176
1
  1
strokes_ogs.tif
176
1
290
0
176
1
 40
1.0
176
1
 40
1.0
176
1
  0
VISUALSTYLE
  5
6B
102
{ACAD_REACTORS
330
16
102
}
330
16
100
AcDbVisualStyle
  2
Realistic
 70
8
177
3
291
0
 70
58
 90
2
176
1
 90
2
176
1
 90
0
176
1
 90
2
176
1
 40
0.6
176
1
 40
30.0
176
1
 62
7
420
16777215
176
1
 90
1
176
1
 90
4
176
1
 62
7
176
1
 62
257
176
1
 90
1
176
1
 90
1
176
1
 40
1.0
176
1
 90
8
176
1
 62
7
176
1
 40
1.0
176
1
 90
1
176
1
 90
6
176
1
 90
2
176
1
 62
7
176
1
 90
5
176
1
 90
0
176
1
 90
0
176
1
290
0
176
1
 90
1
176
1
 40
0.0
176
1
 90
0
176
1
290
0
176
1
290
1
176
1
290
1
176
1
290
0
176
1
290
0
176
1
290
0
176
1
290
0
176
1
290
0
176
1
290
0
176
1
 90
50
176
1
 40
0.0
176
1
 40
1.0
176
1
 90
0
176
1
 62
18
420
0
176
1
 90
50
176
1
 90
3
176
1
 62
5
420
255
176
1
290
0
176
1
 90
50
176
1
 90
50
176
1
 90
50
176
1
290
0
176
1
 90
50
176
1
 62
256
176
0
 40
1.0
176
0
 90
2
176
1
  1
strokes_ogs.tif
176
1
290
0
176
1
 40
1.0
176
1
 40
1.0
176
1
  0
VISUALSTYLE
  5
6C
102
{ACAD_REACTORS
330
16
102
}
330
16
100
AcDbVisualStyle
  2
Shaded
 70
27
177
3
291
0
 70
58
 90
2
176
1
 90
2
176
1
 90
0
176
1
 90
2
176
1
 40
0.6
176
1
 40
30.0
176
1
 62
7
420
16777215
176
1
 90
1
176
1
 90
4
176
1
 62
7
176
1
 62
257
176
1
 90
1
176
1
 90
1
176
1
 40
1.0
176
1
 90
8
176
1
 62
7
176
1
 40
1.0
176
1
 90
1
176
1
 90
6
176
1
 90
2
176
1
 62
7
176
1
 90
5
176
1
 90
0
176
1
 90
0
176
1
290
0
176
1
 90
1
176
1
 40
0.0
176
1
 90
0
176
1
290
0
176
1
290
1
176
1
290
1
176
1
290
0
176
1
290
0
176
1
290
0
176
1
290
0
176
1
290
0
176
1
290
0
176
1
 90
50
176
1
 40
0.0
176
1
 40
1.0
176
1
 90
0
176
1
 62
18
420
0
176
1
 90
50
176
1
 90
3
176
1
 62
5
420
255
176
1
290
0
176
1
 90
50
176
1
 90
50
176
1
 90
50
176
1
290
0
176
1
 90
50
176
1
 62
256
176
0
 40
1.0
176
0
 90
2
176
1
  1
strokes_ogs.tif
176
1
290
0
176
1
 40
1.0
176
1
 40
1.0
176
1
  0
VISUALSTYLE
  5
6D
102
{ACAD_REACTORS
330
16
102
}
330
16
100
AcDbVisualStyle
  2
Shaded with edges
 70
26
177
3
291
0
 70
58
 90
2
176
1
 90
2
176
1
 90
0
176
1
 90
2
176
1
 40
0.6
176
1
 40
30.0
176
1
 62
7
420
16777215
176
1
 90
1
176
1
 90
4
176
1
 62
7
176
1
 62
257
176
1
 90
1
176
1
 90
1
176
1
 40
1.0
176
1
 90
8
176
1
 62
7
176
1
 40
1.0
176
1
 90
1
176
1
 90
6
176
1
 90
2
176
1
 62
7
176
1
 90
5
176
1
 90
0
176
1
 90
0
176
1
290
0
176
1
 90
1
176
1
 40
0.0
176
1
 90
0
176
1
290
0
176
1
290
1
176
1
290
1
176
1
290
0
176
1
290
0
176
1
290
0
176
1
290
0
176
1
290
0
176
1
290
0
176
1
 90
50
176
1
 40
0.0
176
1
 40
1.0
176
1
 90
0
176
1
 62
18
420
0
176
1
 90
50
176
1
 90
3
176
1
 62
5
420
255
176
1
290
0
176
1
 90
50
176
1
 90
50
176
1
 90
50
176
1
290
0
176
1
 90
50
176
1
 62
256
176
0
 40
1.0
176
0
 90
2
176
1
  1
strokes_ogs.tif
176
1
290
0
176
1
 40
1.0
176
1
 40
1.0
176
1
  0
VISUALSTYLE
  5
6E
102
{ACAD_REACTORS
330
16
102
}
330
16
100
AcDbVisualStyle
  2
Shades of Gray
 70
23
177
3
291
0
 70
58
 90
2
176
1
 90
2
176
1
 90
0
176
1
 90
2
176
1
 40
0.6
176
1
 40
30.0
176
1
 62
7
420
16777215
176
1
 90
1
176
1
 90
4
176
1
 62
7
176
1
 62
257
176
1
 90
1
176
1
 90
1
176
1
 40
1.0
176
1
 90
8
176
1
 62
7
176
1
 40
1.0
176
1
 90
1
176
1
 90
6
176
1
 90
2
176
1
 62
7
176
1
 90
5
176
1
 90
0
176
1
 90
0
176
1
290
0
176
1
 90
1
176
1
 40
0.0
176
1
 90
0
176
1
290
0
176
1
290
1
176
1
290
1
176
1
290
0
176
1
290
0
176
1
290
0
176
1
290
0
176
1
290
0
176
1
290
0
176
1
 90
50
176
1
 40
0.0
176
1
 40
1.0
176
1
 90
0
176
1
 62
18
420
0
176
1
 90
50
176
1
 90
3
176
1
 62
5
420
255
176
1
290
0
176
1
 90
50
176
1
 90
50
176
1
 90
50
176
1
290
0
176
1
 90
50
176
1
 62
256
176
0
 40
1.0
176
0
 90
2
176
1
  1
strokes_ogs.tif
176
1
290
0
176
1
 40
1.0
176
1
 40
1.0
176
1
  0
VISUALSTYLE
  5
6F
102
{ACAD_REACTORS
330
16
102
}
330
16
100
AcDbVisualStyle
  2
Sketchy
 70
24
177
3
291
0
 70
58
 90
2
176
1
 90
2
176
1
 90
0
176
1
 90
1
176
1
 40
0.6
176
1
 40
30.0
176
1
 62
7
420
16777215
176
1
 90
1
176
1
 90
4
176
1
 62
7
176
1
 62
257
176
1
 90
1
176
1
 90
1
176
1
 40
1.0
176
1
 90
8
176
1
 62
7
176
1
 40
1.0
176
1
 90
1
176
1
 90
6
176
1
 90
2
176
1
 62
7
176
1
 90
5
176
1
 90
0
176
1
 90
0
176
1
290
0
176
1
 90
1
176
1
 40
0.0
176
1
 90
0
176
1
290
0
176
1
290
1
176
1
290
1
176
1
290
0
176
1
290
0
176
1
290
0
176
1
290
0
176
1
290
0
176
1
290
0
176
1
 90
50
176
1
 40
0.0
176
1
 40
1.0
176
1
 90
0
176
1
 62
18
420
0
176
1
 90
50
176
1
 90
3
176
1
 62
5
420
255
176
1
290
0
176
1
 90
50
176
1
 90
50
176
1
 90
50
176
1
290
0
176
1
 90
50
176
1
 62
256
176
0
 40
1.0
176
0
 90
2
176
1
  1
strokes_ogs.tif
176
1
290
0
176
1
 40
1.0
176
1
 40
1.0
176
1
  0
VISUALSTYLE
  5
70
102
{ACAD_REACTORS
330
16
102
}
330
16
100
AcDbVisualStyle
  2
Thicken
 70
13
177
3
291
1
 70
58
 90
2
176
1
 90
2
176
1
 90
0
176
1
 90
2
176
1
 40
0.6
176
1
 40
30.0
176
1
 62
7
420
16777215
176
1
 90
1
176
1
 90
4
176
1
 62
7
176
1
 62
257
176
1
 90
1
176
1
 90
1
176
1
 40
1.0
176
1
 90
8
176
1
 62
7
176
1
 40
1.0
176
1
 90
1
176
1
 90
6
176
1
 90
2
176
1
 62
7
176
1
 90
5
176
1
 90
0
176
1
 90
0
176
1
290
0
176
1
 90
1
176
1
 40
0.0
176
1
 90
0
176
1
290
0
176
1
290
1
176
1
290
1
176
1
290
0
176
1
290
0
176
1
290
0
176
1
290
0
176
1
290
0
176
1
290
0
176
1
 90
50
176
1
 40
0.0
176
1
 40
1.0
176
1
 90
0
176
1
 62
18
420
0
176
1
 90
50
176
1
 90
3
176
1
 62
5
420
255
176
1
290
0
176
1
 90
50
176
1
 90
50
176
1
 90
50
176
1
290
0
176
1
 90
50
176
1
 62
256
176
0
 40
1.0
176
0
 90
2
176
1
  1
strokes_ogs.tif
176
1
290
0
176
1
 40
1.0
176
1
 40
1.0
176
1
  0
VISUALSTYLE
  5
71
102
{ACAD_REACTORS
330
16
102
}
330
16
100
AcDbVisualStyle
  2
Wireframe
 70
5
177
3
291
0
 70
58
 90
2
176
1
 90
2
176
1
 90
0
176
1
 90
0
176
1
 40
0.6
176
1
 40
30.0
176
1
 62
7
420
16777215
176
1
 90
1
176
1
 90
4
176
1
 62
7
176
1
 62
257
176
1
 90
1
176
1
 90
1
176
1
 40
1.0
176
1
 90
8
176
1
 62
7
176
1
 40
1.0
176
1
 90
1
176
1
 90
6
176
1
 90
2
176
1
 62
7
176
1
 90
5
176
1
 90
0
176
1
 90
0
176
1
290
0
176
1
 90
1
176
1
 40
0.0
176
1
 90
0
176
1
290
0
176
1
290
1
176
1
290
1
176
1
290
0
176
1
290
0
176
1
290
0
176
1
290
0
176
1
290
0
176
1
290
0
176
1
 90
50
176
1
 40
0.0
176
1
 40
1.0
176
1
 90
0
176
1
 62
18
420
0
176
1
 90
50
176
1
 90
3
176
1
 62
5
420
255
176
1
290
0
176
1
 90
50
176
1
 90
50
176
1
 90
50
176
1
290
0
176
1
 90
50
176
1
 62
256
176
0
 40
1.0
176
0
 90
2
176
1
  1
strokes_ogs.tif
176
1
290
0
176
1
 40
1.0
176
1
 40
1.0
176
1
  0
VISUALSTYLE
  5
72
102
{ACAD_REACTORS
330
16
102
}
330
16
100
AcDbVisualStyle
  2
X-Ray
 70
25
177
3
291
0
 70
58
 90
2
176
1
 90
2
176
1
 90
0
176
1
 90
2
176
1
 40
0.5
176
1
 40
30.0
176
1
 62
7
420
16777215
176
1
 90
1
176
1
 90
4
176
1
 62
7
176
1
 62
257
176
1
 90
1
176
1
 90
1
176
1
 40
1.0
176
1
 90
8
176
1
 62
7
176
1
 40
1.0
176
1
 90
1
176
1
 90
6
176
1
 90
2
176
1
 62
7
176
1
 90
5
176
1
 90
0
176
1
 90
0
176
1
290
0
176
1
 90
1
176
1
 40
0.0
176
1
 90
0
176
1
290
0
176
1
290
1
176
1
290
1
176
1
290
0
176
1
290
0
176
1
290
0
176
1
290
0
176
1
290
0
176
1
290
0
176
1
 90
50
176
1
 40
0.0
176
1
 40
1.0
176
1
 90
0
176
1
 62
18
420
0
176
1
 90
50
176
1
 90
3
176
1
 62
5
420
255
176
1
290
0
176
1
 90
50
176
1
 90
50
176
1
 90
50
176
1
290
0
176
1
 90
50
176
1
 62
256
176
0
 40
1.0
176
0
 90
2
176
1
  1
strokes_ogs.tif
176
1
290
0
176
1
 40
1.0
176
1
 40
1.0
176
1
  0
DICTIONARYVAR
  5
8D
330
2D
100
DictionaryVariables
280
0
  1
1.4.4b1 @ 2026-02-22T21:35:35.650336+00:00
  0
ENDSEC
  0
EOF
